repeat,fold,n_train,n_valid,r2,mse,rmse,mae,max_error,negative_predictions,variant
0,0,792,198,0.7440531437790993,0.6070589545302386,0.779139881234582,0.5267115542551485,3.669656269073486,6,full
0,1,792,198,0.8604288978416439,0.36063494068230284,0.6005288841365608,0.41920252058241103,3.7253022823333737,3,full
0,2,792,198,0.7969960904299276,0.47127183319209165,0.6864924130622942,0.44667365289216093,3.9973529701232913,1,full
0,3,792,198,0.8556817751844935,0.40607500774304284,0.6372401491926281,0.4494815971032538,3.2694349670410157,2,full
0,4,792,198,0.7406189542042529,0.47631616373758173,0.6901566226137237,0.4893422278406645,2.961482063293457,1,full
1,5,792,198,0.8265170611066179,0.35359180176763977,0.5946358564429493,0.42898388194315357,1.9666611137390135,4,full
1,6,792,198,0.8413264755863092,0.376159552113486,0.6133184752748657,0.4180825046288847,3.23821834564209,2,full
1,7,792,198,0.7819892841355157,0.5266878920287738,0.725732658786122,0.4732477986740343,3.377968612670898,1,full
1,8,792,198,0.9025179601993809,0.2690929792059985,0.5187417268795701,0.39545289759443275,1.8835386734008788,1,full
1,9,792,198,0.8285886859415751,0.39728945626122475,0.6303090164841566,0.41674328707685376,2.4443072624206543,1,full
2,10,792,198,0.8520419394853812,0.41425405446488206,0.6436257099160055,0.4681739330195417,2.236910989761353,4,full
2,11,792,198,0.8275761320927462,0.4297047839491673,0.6555187136529111,0.4589242425446558,2.3821368408203125,0,full
2,12,792,198,0.7847838575791725,0.45801433892642834,0.6767675663966384,0.42838464505985535,3.483637702941895,2,full
2,13,792,198,0.8365016209631932,0.45941526849109854,0.6778017914487232,0.4297969263057516,3.6639685020446775,2,full
2,14,792,198,0.6589072520983397,0.5823811770291372,0.7631390286370742,0.4982199293676048,3.476345832824707,4,full
3,15,792,198,0.7846812804789267,0.4450161267911651,0.6670952906378257,0.45051562484827895,3.01329182434082,3,full
3,16,792,198,0.8167542155901428,0.5116469621955048,0.7152950175944921,0.4879460181298882,3.05305184173584,4,full
3,17,792,198,0.8421554712637989,0.4285806836330023,0.6546607393398525,0.46569420908677456,2.9085522079467774,6,full
3,18,792,198,0.850378898956583,0.3440436318364452,0.586552326597078,0.40643284022446835,2.4578703689575203,3,full
3,19,792,198,0.7052136880849974,0.6070754147143878,0.7791504442111213,0.5034556281590703,3.788443710327148,2,full
4,20,792,198,0.7633304960110662,0.5751684069167091,0.7583985805081054,0.5375848420581432,3.4590355081558224,6,full
4,21,792,198,0.8161538945714893,0.5300932780048637,0.7280750497063223,0.4829246030841211,3.509432201385499,2,full
4,22,792,198,0.7110631926729154,0.578734846076674,0.7607462428935644,0.49460215564207594,3.8012942199707034,0,full
4,23,792,198,0.8757788835715177,0.3060300649629969,0.5531998417958892,0.391984084716951,2.512601758956909,4,full
4,24,792,198,0.7510328189761133,0.526667944043754,0.7257189153134663,0.534949129658516,2.448785466194153,1,full
0,0,792,198,0.8072019020250826,0.4572816932397013,0.6762260666668368,0.4548448831432997,3.458485303878784,3,no_structural_layer
0,1,792,198,0.8440507344539874,0.4029541449477465,0.6347866924784628,0.43705661859656825,2.7679192962646493,5,no_structural_layer
0,2,792,198,0.7194566679939356,0.6512789366683543,0.8070185479085065,0.5088013510101974,4.189739608764649,4,no_structural_layer
0,3,792,198,0.8400713008949017,0.44999893679720254,0.6708196007848924,0.4736992700822426,2.798650177001953,5,no_structural_layer
0,4,792,198,0.7203291141599377,0.5135755507645264,0.716641856693095,0.5091723596808886,3.204346214294434,0,no_structural_layer
1,5,792,198,0.8457631051373132,0.3143646395514451,0.5606822982326489,0.4078357153589075,1.927058469772339,7,no_structural_layer
1,6,792,198,0.8401244336482707,0.37900917405706447,0.6156372097729835,0.40975602732282695,2.746660747528076,4,no_structural_layer
1,7,792,198,0.7660600666270134,0.5651709819904432,0.7517785458434174,0.48084526042263914,4.185163166046142,1,no_structural_layer
1,8,792,198,0.8810441448038153,0.3283700826758388,0.5730358476359387,0.42469548561597115,2.381519021987915,1,no_structural_layer
1,9,792,198,0.7980998918904176,0.46795501575000037,0.6840723761050437,0.4731067727190076,3.6468309211730965,2,no_structural_layer
2,10,792,198,0.8622179608466779,0.3857631558103819,0.6210983463271995,0.43841824911579935,2.640576002120972,5,no_structural_layer
2,11,792,198,0.8231985329265151,0.4406143832220078,0.6637879052995828,0.4792395183004515,2.5460641803741457,3,no_structural_layer
2,12,792,198,0.793480761650167,0.4395059374469785,0.6629524398076974,0.4173211320265374,2.9476798200607304,2,no_structural_layer
2,13,792,198,0.8210057294231152,0.5029572853253526,0.7091948147902327,0.46073436595815603,3.9698018417358396,5,no_structural_layer
2,14,792,198,0.6467663857178867,0.6031104716163095,0.7766018745897473,0.4884417819061665,3.798870952606201,3,no_structural_layer
3,15,792,198,0.778983372506622,0.4567924411882021,0.6758642180114303,0.4707835654995658,3.0617737655639647,3,no_structural_layer
3,16,792,198,0.8415300843674103,0.4424693926461259,0.665183728488698,0.44799730573519314,3.5234764938354495,1,no_structural_layer
3,17,792,198,0.8760729006585841,0.3364878173583331,0.5800756996792169,0.409894405622675,2.5171111011505127,1,no_structural_layer
3,18,792,198,0.817386892389221,0.41990652605290557,0.648001949111965,0.4168769721334631,3.100739364624024,2,no_structural_layer
3,19,792,198,0.7431295959461053,0.5289923607912753,0.7273186102330088,0.4738208921088113,3.2256843109130857,1,no_structural_layer
4,20,792,198,0.8103028183878898,0.46101345507331926,0.6789797162458678,0.4620037740312442,2.919539459228516,5,no_structural_layer
4,21,792,198,0.8548807774722926,0.41842999171468964,0.6468616480474705,0.4449125960679969,2.7096717681884765,3,no_structural_layer
4,22,792,198,0.7294786176510495,0.5418491054237284,0.7361040044883117,0.45985398173573044,4.269153964996338,1,no_structural_layer
4,23,792,198,0.8836265124166165,0.28669671460904367,0.5354406732860735,0.3680946671745994,2.6131252307891844,5,no_structural_layer
4,24,792,198,0.7984498287533514,0.4263614741332297,0.6529636085826145,0.46467674631542627,2.6371478261947634,1,no_structural_layer
0,0,792,198,0.7902889326993834,0.49739615148489114,0.7052631788806865,0.4812258371223102,3.357911287307739,1,no_quantile_heads
0,1,792,198,0.8514984584741427,0.38371012187497966,0.6194433968289432,0.4133734561915349,3.480542961120605,5,no_quantile_heads
0,2,792,198,0.8213154872119524,0.4148145623549773,0.6440609927289319,0.44046529037302196,3.039835107803345,4,no_quantile_heads
0,3,792,198,0.8490434734499135,0.424753510972391,0.6517311646471964,0.45475345622650304,3.690228261947632,2,no_quantile_heads
0,4,792,198,0.759652084810575,0.4413645437126605,0.6643527253746013,0.4590947026556188,2.619060935974121,0,no_quantile_heads
1,5,792,198,0.8064501307563794,0.3944920891604381,0.6280860523530498,0.4624761605768493,2.031451096534729,4,no_quantile_heads
1,6,792,198,0.8388731086807479,0.3819756288646391,0.6180417695145201,0.43814091522284226,2.9120929622650147,4,no_quantile_heads
1,7,792,198,0.80285667523503,0.47627476354212184,0.6901266286284872,0.4247613718413343,4.230362560272217,1,no_quantile_heads
1,8,792,198,0.8824861830855293,0.32438942759158773,0.5695519533735159,0.4247662928489724,2.2269764251708986,2,no_quantile_heads
1,9,792,198,0.8037393562369746,0.4548841182065367,0.6744509753914932,0.4301172928087639,3.177171642303467,3,no_quantile_heads
2,10,792,198,0.8896095923588175,0.30907186658392755,0.5559423230731112,0.4124096946836722,2.2426974234580994,8,no_quantile_heads
2,11,792,198,0.8000898918752554,0.4982044009545395,0.7058359589554357,0.4820980561694714,3.4304299545288086,3,no_quantile_heads
2,12,792,198,0.7140894449362423,0.6084633447873862,0.7800406045760606,0.46654666137454487,5.720980838775635,2,no_quantile_heads
2,13,792,198,0.8060312962823134,0.5450340524615869,0.7382642158885847,0.4804919307472729,3.6878573284149168,0,no_quantile_heads
2,14,792,198,0.7192611213666096,0.47933308339786623,0.6923388501289425,0.4602440365300034,3.6371311264038084,3,no_quantile_heads
3,15,792,198,0.7876221665410974,0.43893796634309873,0.6625239364302989,0.47210683407928006,2.555205810546875,4,no_quantile_heads
3,16,792,198,0.843592407167062,0.43671110904409627,0.660841213185207,0.44823099266399036,3.6552051429748538,5,no_quantile_heads
3,17,792,198,0.8652879255945556,0.36577126495651446,0.6047902652626896,0.42948297592365386,3.1293239974975586,4,no_quantile_heads
3,18,792,198,0.8098582111014393,0.43721822096174,0.6612247885263679,0.42485097167227004,3.2190450477600105,2,no_quantile_heads
3,19,792,198,0.6993125055391067,0.6192281595894102,0.7869105156175067,0.5027094837294684,4.135971333503723,4,no_quantile_heads
4,20,792,198,0.8019687278554641,0.4812674611613151,0.6937344312929229,0.4764810192344165,3.3574522657394406,2,no_quantile_heads
4,21,792,198,0.8450836150629328,0.44667867245023574,0.6683402370426575,0.42161736195737665,3.9637535858154305,5,no_quantile_heads
4,22,792,198,0.7316057238311041,0.5375885528167734,0.7332043049633393,0.4627708832832298,4.467057598114014,1,no_quantile_heads
4,23,792,198,0.8445056887254412,0.3830744365280784,0.6189300740213537,0.4020279113403475,3.368086883544922,5,no_quantile_heads
4,24,792,198,0.7496099187267128,0.5296779630585061,0.7277897794408122,0.4700264120415003,4.76659126663208,0,no_quantile_heads
0,0,792,198,0.7654138341455329,0.5563953185186296,0.7459191099030977,0.5060773418792571,3.448164216995239,12,no_residual_head
0,1,792,198,0.825847755842314,0.4499884522674228,0.6708117860230415,0.4319969054219698,4.27518231010437,4,no_residual_head
0,2,792,198,0.8001219456827697,0.4640151870594144,0.6811866022312935,0.44278520023747525,3.2399127378463746,4,no_residual_head
0,3,792,198,0.7973603977076438,0.5701766230502736,0.7551004059396828,0.5446910486245397,2.9917354102134706,5,no_residual_head
0,4,792,198,0.7093321685276412,0.5337698673551495,0.730595556621548,0.5055486170896375,2.7291039848327636,0,no_residual_head
1,5,792,198,0.7116005097024158,0.5878139721039845,0.7666902712986414,0.5356542740446149,2.790897956848145,7,no_residual_head
1,6,792,198,0.8369640697482932,0.3865012939524525,0.6216922823652007,0.44035347711678713,2.689927616119385,4,no_residual_head
1,7,792,198,0.7155374511298018,0.687227596274244,0.8289919156869047,0.49975574798535816,4.457196857452392,1,no_residual_head
1,8,792,198,0.8516072934974239,0.40962864099778473,0.6400223753883802,0.4858395648147121,2.037916011810303,6,no_residual_head
1,9,792,198,0.7050375007173755,0.6836508523439915,0.8268318162383397,0.5351132888914358,4.033844820976257,4,no_residual_head
2,10,792,198,0.8647815899843796,0.37858548829606403,0.6152930101147452,0.4538049098578366,1.9470225415229798,5,no_residual_head
2,11,792,198,0.7601648672084356,0.5977032366253012,0.7731126933541457,0.5395410626608916,2.5730770053863528,4,no_residual_head
2,12,792,198,0.771284394692926,0.48674335293140975,0.6976699455554967,0.4462749424558697,4.62632723236084,1,no_residual_head
2,13,792,198,0.7623927319485118,0.6676543675257886,0.817101197848705,0.4877331073284149,4.757545595169068,1,no_residual_head
2,14,792,198,0.7297094052345177,0.4614937013108535,0.679333277052474,0.4774184497582792,2.5262780256271364,1,no_residual_head
3,15,792,198,0.7676513158949217,0.4802132935559568,0.6929742372959884,0.49139701541264846,3.112930763244629,8,no_residual_head
3,16,792,198,0.8245972428348227,0.4897481715789542,0.6998200994391017,0.4474610994343806,3.4512984962463378,4,no_residual_head
3,17,792,198,0.7928595313051772,0.562429400575904,0.7499529322403533,0.530446222890507,2.8874791564941407,6,no_residual_head
3,18,792,198,0.7952203097069136,0.47087708808085726,0.6862048441106032,0.43939470346768694,4.1689183149337765,2,no_residual_head
3,19,792,198,0.7461271207588939,0.5228193346184556,0.7230624693748499,0.49525986947676154,3.9026704921722413,5,no_residual_head
4,20,792,198,0.8233798556710399,0.42923285565273833,0.6551586492237879,0.45968983182762607,3.0399126930236813,7,no_residual_head
4,21,792,198,0.7739151052034404,0.6518826314582753,0.8073924891019704,0.5038152406203628,4.689401420593262,8,no_residual_head
4,22,792,198,0.7023058499032275,0.5962756345512926,0.7721888593804579,0.4862451637537793,3.7127011871337894,2,no_residual_head
4,23,792,198,0.8404403257484393,0.3930898294960392,0.626968762775339,0.40731747527315165,3.6416684646606443,3,no_residual_head
4,24,792,198,0.7604170471077613,0.5068164434716429,0.7119104181507971,0.49648291251876137,2.2269813270568846,4,no_residual_head
0,0,792,198,0.7856019701590342,0.508512766166851,0.7131008106620347,0.4664066069800444,3.6786801376342773,3,no_physics_loss
0,1,792,198,0.844002620824313,0.4030784647798271,0.6348846074522733,0.4662274546695478,1.9853532257080087,1,no_physics_loss
0,2,792,198,0.8269812997069046,0.4016614272913535,0.633767644560176,0.42514351349647594,3.2854200496673585,1,no_physics_loss
0,3,792,198,0.8401711242799167,0.4497180590224467,0.670610213926426,0.4717424352698856,2.966771879196167,4,no_physics_loss
0,4,792,198,0.7399960377105141,0.4774600607163155,0.6909848483985127,0.4701445598722708,3.2657073097229006,0,no_physics_loss
1,5,792,198,0.8098409249081172,0.3875809944949679,0.6225600328441973,0.45163581573120276,1.8719211297035216,1,no_physics_loss
1,6,792,198,0.8450025356512367,0.3674448965798996,0.606172332410429,0.4168629176977909,3.334945240020752,7,no_physics_loss
1,7,792,198,0.7867398315781233,0.5152111359041576,0.7177820950010926,0.42447661376721935,4.056693222045898,2,no_physics_loss
1,8,792,198,0.8968673205201977,0.2846912111346802,0.5335646269522374,0.4029616622226407,1.5799183349609374,1,no_physics_loss
1,9,792,198,0.782970660070125,0.503020870746511,0.7092396426783482,0.4555836790956632,3.711012832641601,3,no_physics_loss
2,10,792,198,0.8608072055694164,0.3897129987012028,0.6242699726089689,0.45394827713870034,2.103881099700928,4,no_physics_loss
2,11,792,198,0.7815745355024202,0.5443473004643135,0.7377989566706593,0.5021154786480798,3.251657722473144,3,no_physics_loss
2,12,792,198,0.7861840950433299,0.45503440986872756,0.6745623839710657,0.4450265058050252,3.4644955520629885,1,no_physics_loss
2,13,792,198,0.7974090592926157,0.5692617380505925,0.754494359190705,0.4742287901001747,4.08127587890625,1,no_physics_loss
2,14,792,198,0.7055943045088151,0.5026677832319969,0.7089906792278703,0.4806008307668897,2.84401086807251,0,no_physics_loss
3,15,792,198,0.7323799639727864,0.5531113697380448,0.7437145754508545,0.4913605492981997,2.876102912902832,3,no_physics_loss
3,16,792,198,0.8507914208893927,0.4166104911024805,0.6454537094962586,0.4350975052443418,3.136296642303467,5,no_physics_loss
3,17,792,198,0.8340113445739443,0.45069367932742377,0.6713372321921552,0.47047040250325445,2.9860718631744385,1,no_physics_loss
3,18,792,198,0.7838956177837854,0.4969174534537286,0.7049237217272012,0.4449034055796537,4.400096729278564,1,no_physics_loss
3,19,792,198,0.6783674769936998,0.6623618173491841,0.8138561404506229,0.5079292510103698,4.125000347137451,5,no_physics_loss
4,20,792,198,0.8063821463961693,0.47054170702599263,0.6859604267200788,0.4702934720684784,3.3359060363769535,2,no_physics_loss
4,21,792,198,0.8491289457988603,0.43501455465223593,0.6595563316747372,0.4354428869281152,3.305812721252442,4,no_physics_loss
4,22,792,198,0.739049118437004,0.522679577143567,0.7229658201765606,0.47531282184340745,3.312211502075195,1,no_physics_loss
4,23,792,198,0.8610537325744549,0.34230681923621625,0.5850699267918462,0.41019124913938115,3.327731201171875,5,no_physics_loss
4,24,792,198,0.7945675296769134,0.4345741327830234,0.659222369753199,0.4567712169969925,2.686945175170899,2,no_physics_loss
0,0,792,198,0.8288708110658133,0.4058870191174933,0.6370926299349988,0.4196240214458619,2.720286785125732,3,no_anisotropy_loss
0,1,792,198,0.8559932248238818,0.3720961862475328,0.6099968739653776,0.42368757640352156,3.12792569732666,1,no_anisotropy_loss
0,2,792,198,0.8200906719644537,0.4176579604364859,0.6462646210620584,0.42373859176250417,3.655769393920899,2,no_anisotropy_loss
0,3,792,198,0.8519401361260137,0.4166030343424984,0.6454479330995634,0.45513033764530914,3.309204616546631,4,no_anisotropy_loss
0,4,792,198,0.7354880771665746,0.48573828500206584,0.6969492700348181,0.50188555912538,3.2048106536865237,0,no_anisotropy_loss
1,5,792,198,0.8435557051119351,0.31886374797775013,0.5646802174485575,0.41630478765988593,1.9960713806152346,3,no_anisotropy_loss
1,6,792,198,0.8482536044063141,0.35973774712747003,0.5997814161237992,0.4294935627128138,2.543317356109619,2,no_anisotropy_loss
1,7,792,198,0.7893879401413785,0.508813621398902,0.7133117280676815,0.44006539732278,3.961423542022705,3,no_anisotropy_loss
1,8,792,198,0.8865170304435182,0.3132625294829275,0.5596986059326282,0.38856312538879084,2.0371271991729736,2,no_anisotropy_loss
1,9,792,198,0.810567939431801,0.4390571343262166,0.6626138651780663,0.4397872666626265,3.776301269531251,2,no_anisotropy_loss
2,10,792,198,0.8645312598898587,0.37928636431626306,0.6158622933061116,0.47414711735946957,1.9998171119689943,5,no_anisotropy_loss
2,11,792,198,0.8178991731581623,0.4538211409172583,0.6736624829373076,0.4463073903575088,2.727955940246582,2,no_anisotropy_loss
2,12,792,198,0.7932410245286283,0.4400161363475005,0.6633371211891436,0.43058581345009084,3.791173351287842,3,no_anisotropy_loss
2,13,792,198,0.8233801835047527,0.49628528976269504,0.7044751874712799,0.46880536740958084,3.7177306995391843,1,no_anisotropy_loss
2,14,792,198,0.591628027798542,0.6972536100502578,0.8350171315908781,0.5766428269352577,3.4418562965393065,3,no_anisotropy_loss
3,15,792,198,0.7797806716847369,0.4551446002901712,0.6746440545133198,0.4665665318074852,3.1019463424682616,5,no_anisotropy_loss
3,16,792,198,0.8291206741106617,0.47711814094312427,0.6907373892754932,0.45892251702992604,3.2018522148132327,5,no_anisotropy_loss
3,17,792,198,0.8508321367584333,0.4050217344624538,0.6364131790452283,0.4091163437125659,3.241798915863037,3,no_anisotropy_loss
3,18,792,198,0.7913942422728245,0.47967487212665966,0.6925856424491196,0.4443520899469202,3.690765762329102,1,no_anisotropy_loss
3,19,792,198,0.7729244131393207,0.4676336739295665,0.6838374616307347,0.46433202054043016,2.9206792373657224,3,no_anisotropy_loss
4,20,792,198,0.807296124798057,0.4683205019593921,0.684339463979239,0.4732005727170694,3.7473522348403927,4,no_anisotropy_loss
4,21,792,198,0.8477996756943248,0.4388473100180608,0.6624555155012756,0.45708078898925975,3.0050933685302734,3,no_anisotropy_loss
4,22,792,198,0.7079148748524056,0.5850408658811728,0.764879641434633,0.4742193827605007,4.57470883178711,2,no_anisotropy_loss
4,23,792,198,0.8812685467310551,0.2925057784194489,0.540838033443885,0.3829839063124223,2.064515029907226,3,no_anisotropy_loss
4,24,792,198,0.787503323779829,0.44951783251412275,0.6704609105042014,0.47853808543658016,3.6917357559204103,5,no_anisotropy_loss
0,0,792,198,0.8482824609593032,0.35984614928989694,0.599871777374046,0.41047673418064307,2.690379616737366,0,in_sample_prior
0,1,792,198,0.8792089816468915,0.3121094629553314,0.5586675782210128,0.38919361903209876,2.11095792388916,1,in_sample_prior
0,2,792,198,0.8648441194895226,0.3137632162344038,0.5601457098241526,0.39498110234376155,2.6903582935333255,0,in_sample_prior
0,3,792,198,0.8603067376079667,0.3930615324572705,0.6269461958232704,0.45715027236456823,2.4854100131988526,0,in_sample_prior
0,4,792,198,0.7731715107071022,0.4165380531754943,0.6453975930970725,0.44754553600754404,3.2956347618103026,0,in_sample_prior
1,5,792,198,0.8570651423930872,0.29132890046144666,0.539748923538942,0.39936960393491416,2.692482063293457,3,in_sample_prior
1,6,792,198,0.838568278073348,0.3826982758542596,0.6186261196023488,0.4277546489527731,3.1566581621170045,1,in_sample_prior
1,7,792,198,0.8189310616477201,0.43744096281914135,0.6613931983465973,0.4204045693200044,3.1666959648132327,0,in_sample_prior
1,8,792,198,0.8942863355289947,0.29181585626920226,0.5401998299418487,0.4242379151161271,1.9782719116210936,3,in_sample_prior
1,9,792,198,0.8454648816323335,0.3581745667536738,0.5984768723632299,0.40209949609968404,3.003525964736938,0,in_sample_prior
2,10,792,198,0.8944344444231522,0.29556321066554037,0.5436572547713682,0.38503141559494863,2.04754776763916,3,in_sample_prior
2,11,792,198,0.8526648376802964,0.3671801639826235,0.6059539289274586,0.4150069555706448,2.183531974792481,1,in_sample_prior
2,12,792,198,0.8027533256165604,0.41977243972952427,0.6478984794931412,0.4306992777983347,3.148802173614502,4,in_sample_prior
2,13,792,198,0.8361690485761759,0.4603497660278593,0.6784908002529285,0.44591632428554573,2.908273582458497,1,in_sample_prior
2,14,792,198,0.7038324045636807,0.5056760481985414,0.7111090269421008,0.4607971241594565,3.3479136543273924,3,in_sample_prior
3,15,792,198,0.8324135033146416,0.3463641889720583,0.588527135289494,0.414819416686742,2.146557107925415,2,in_sample_prior
3,16,792,198,0.8589307337519314,0.3938844310521043,0.6276021279856405,0.43417211666974154,2.3244952087402346,3,in_sample_prior
3,17,792,198,0.89967121990971,0.27241347865166726,0.5219324464446211,0.35407824391548076,2.3085112953186036,0,in_sample_prior
3,18,792,198,0.857014475008385,0.32878557218932064,0.5733982666431079,0.382151378947075,2.7677855606079103,1,in_sample_prior
3,19,792,198,0.7489821611188732,0.5169397372948847,0.7189852135439816,0.49133170817355915,3.3104485054016113,3,in_sample_prior
4,20,792,198,0.8236106997286803,0.4286718445945267,0.6547303602205465,0.4580107540795298,2.3859996223449706,3,in_sample_prior
4,21,792,198,0.8290033996101998,0.4930436150226981,0.7021706452299883,0.44036320052243244,4.161027198791503,2,in_sample_prior
4,22,792,198,0.825734314241286,0.3490508037276341,0.5908052164018477,0.37648785312248007,2.9511662845611575,0,in_sample_prior
4,23,792,198,0.8616144409723746,0.34092546289057907,0.5838882280801515,0.41623702808100765,2.1415353164672855,1,in_sample_prior
4,24,792,198,0.8261581950989726,0.36774688776066145,0.606421378053793,0.42549649949748114,2.7710412635803223,1,in_sample_prior
0,0,792,198,0.8377326617803283,0.38486833614014315,0.620377575465251,0.4532592774468159,2.6275387865866806,0,gbr_prior_only
0,1,792,198,0.8695106740217726,0.3371687233682443,0.5806623144033409,0.43729130125403426,1.869937101187782,0,gbr_prior_only
0,2,792,198,0.8327150373184126,0.38835060465281185,0.6231778274720723,0.44286696015355437,2.997729308610647,0,gbr_prior_only
0,3,792,198,0.8309958010221508,0.4755350995778255,0.6895905303713397,0.49478079420396126,2.9050967407542494,0,gbr_prior_only
0,4,792,198,0.7530683308048676,0.45345466556936675,0.6733904258076192,0.488082132404136,2.6424054300845885,0,gbr_prior_only
1,5,792,198,0.8689008143459783,0.26720551059009184,0.516919249583619,0.3819131595946228,2.29485813362083,0,gbr_prior_only
1,6,792,198,0.8173174652812478,0.4330765368241421,0.6580855087480214,0.4825272751551463,2.6792116863581508,0,gbr_prior_only
1,7,792,198,0.8068137773847961,0.4667148766276716,0.6831653362310413,0.4878075015473143,2.9230789953313394,0,gbr_prior_only
1,8,792,198,0.8665312425403225,0.36843202757354854,0.6069860192570736,0.47070001005133105,2.099203652096106,0,gbr_prior_only
1,9,792,198,0.807599439848158,0.44593738952976325,0.6677854367457883,0.48746676306188574,2.578669120989452,0,gbr_prior_only
2,10,792,198,0.8572687504916208,0.39961999097604306,0.6321550371357038,0.47499411366392835,2.4065283118953333,0,gbr_prior_only
2,11,792,198,0.8519776350297812,0.36889277065392145,0.6073654341942102,0.449957797468711,2.261035104245231,0,gbr_prior_only
2,12,792,198,0.7831541866419602,0.4614825390743305,0.6793250614207682,0.47231954910645124,3.278866325159111,0,gbr_prior_only
2,13,792,198,0.8439210620808495,0.4385673276539933,0.6622441601509169,0.4850326786677487,2.048775238720273,0,gbr_prior_only
2,14,792,198,0.6872640626841191,0.5339648069147547,0.7307289558480317,0.49009864671653053,3.197843603836956,0,gbr_prior_only
3,15,792,198,0.8137658527942278,0.38490475445009903,0.6204069265007436,0.467703380784784,2.5557960160679283,0,gbr_prior_only
3,16,792,198,0.850614624117349,0.4171041315517461,0.6458359943141494,0.4479481994323877,2.6636142742382143,0,gbr_prior_only
3,17,792,198,0.8659368403306626,0.3640093266527482,0.6033318544986235,0.4348220375080713,2.8760297231892684,0,gbr_prior_only
3,18,792,198,0.8463553846426388,0.3532954316672297,0.5943866011841364,0.43830215398674116,2.5954037310900357,0,gbr_prior_only
3,19,792,198,0.7626698397240248,0.4887516809644552,0.6991077749277683,0.5055805576227054,2.9697288910883337,0,gbr_prior_only
4,20,792,198,0.8205750662622804,0.43604922290235437,0.6603402326849049,0.4998944294619492,2.3271902682300185,0,gbr_prior_only
4,21,792,198,0.821080637633262,0.5158877370530142,0.718253254119335,0.5086378631189904,3.0274294673430004,0,gbr_prior_only
4,22,792,198,0.7943426158037853,0.4119277695644795,0.6418159935405782,0.43681594075405616,2.9828361803307657,0,gbr_prior_only
4,23,792,198,0.8561229111339307,0.35445434816808963,0.5953606874560073,0.4407646177834201,2.4096486376719928,0,gbr_prior_only
4,24,792,198,0.8371498388439312,0.3444950423205857,0.5869370002995089,0.4310409020877978,2.0387863915034723,0,gbr_prior_only
