tier,repeat,fold,n_train,n_valid,variant,r2,mse,rmse,mae,max_error,negative_predictions
full,0,0,792,198,prior_xgb,0.851571194215777,0.3520458777730602,0.593334541193297,0.38716613425750923,3.071925397872925,0
full,0,0,792,198,prior_gbr,0.8642142566234929,0.32205885483942265,0.5675022950080666,0.38063554178148296,2.9179506321375666,0
full,0,0,792,198,prior_rf,0.8551100705817649,0.3436523127233913,0.5862186560690399,0.40709059705743816,2.8121417976190513,0
full,0,0,792,198,rf,0.8669386200114649,0.31559716503989893,0.5617803530205546,0.4001810606060607,2.3319800000000024,0
full,0,0,792,198,gbr,0.8377326617803283,0.38486833614014315,0.620377575465251,0.4532592774468159,2.6275387865866806,0
full,0,0,792,198,svr,0.808728642029756,0.4536605462376978,0.6735432771824672,0.4628632880018644,3.057965894457941,0
full,0,0,792,198,mlp,0.8701666788992556,0.30794080198657464,0.5549241407495034,0.382723632247761,2.0113970661163334,1
full,0,0,792,198,pinn,0.8412693734638412,0.3764799053198982,0.6135795835259663,0.4156279510952005,2.4960315151214596,1
full,0,0,792,198,stack_ridge,0.8924355866312976,0.25512304112032536,0.5050970610885845,0.35318076365204804,2.025132374359173,0
full,0,0,792,198,stack_nnls,0.8930728025082859,0.25361168204443685,0.5035987311783429,0.3525096752921186,2.020856106291923,0
full,0,1,792,198,prior_xgb,0.8917230421874323,0.27977463568132865,0.5289372700815558,0.37324573341885003,2.355579158782959,0
full,0,1,792,198,prior_gbr,0.8901194726490533,0.28391806649480095,0.5328396254923248,0.37785157248197637,2.1239692922129327,0
full,0,1,792,198,prior_rf,0.8700345094678088,0.33581519558142336,0.5794956389666995,0.41484565121311895,2.183127686553033,0
full,0,1,792,198,rf,0.8642528189305088,0.350754388521212,0.5922452097916977,0.4193735353535353,1.8681400000000017,0
full,0,1,792,198,gbr,0.8695106740217726,0.3371687233682443,0.5806623144033409,0.43729130125403426,1.869937101187782,0
full,0,1,792,198,svr,0.7817216237026916,0.5640050703253424,0.7510027099320896,0.5001522527508868,3.833101420225031,0
full,0,1,792,198,mlp,0.8804698311813369,0.30885157941044045,0.5557441672302468,0.3603344745298829,3.1651752624511715,0
full,0,1,792,198,pinn,0.8756898292443048,0.32120252948796446,0.5667473242000922,0.3771845687435131,2.925420824050903,1
full,0,1,792,198,stack_ridge,0.9042597602116206,0.24738126419477108,0.4973743702632566,0.35105243520638796,1.9500879970012486,0
full,0,1,792,198,stack_nnls,0.8994082116743586,0.25991708208182657,0.5098206371674519,0.3619731305996584,2.1709599005407068,0
full,0,2,792,198,prior_xgb,0.8676948441915682,0.3071452833132879,0.5542068957648288,0.37134347064206097,2.7360810165405276,0
full,0,2,792,198,prior_gbr,0.857822008662126,0.3300649862323993,0.5745128251243825,0.39905797800002274,2.8116221330915323,0
full,0,2,792,198,prior_rf,0.8274760310399186,0.40051291274924017,0.6328608952599617,0.43010142936667883,3.200393936011901,0
full,0,2,792,198,rf,0.8332184421792148,0.3871819545904039,0.6222394672394254,0.4261028787878786,3.0343799999999987,0
full,0,2,792,198,gbr,0.8327150373184126,0.38835060465281185,0.6231778274720723,0.44286696015355437,2.997729308610647,0
full,0,2,792,198,svr,0.7730386703208816,0.5268887782906094,0.7258710479765738,0.46944901728089156,3.8227806678666036,0
full,0,2,792,198,mlp,0.7979248781923677,0.4691156603756247,0.6849201854052958,0.4744908633208034,3.644496334075928,0
full,0,2,792,198,pinn,0.8358411026947095,0.3810934707203383,0.617327685042829,0.4214377269419757,3.287250411987305,0
full,0,2,792,198,stack_ridge,0.8513759117805811,0.3450295448004248,0.5873921558894235,0.38941124027207574,3.4032194398555813,0
full,0,2,792,198,stack_nnls,0.8515597858475066,0.34460268273269445,0.5870286898718788,0.3900239277900448,3.3861820625716916,0
full,0,3,792,198,prior_xgb,0.8504940499871634,0.42067195523437784,0.6485922873688661,0.42500697010815747,3.3246544647216805,0
full,0,3,792,198,prior_gbr,0.8488260665973608,0.4253652389052047,0.6522003058150193,0.4312607276301321,3.421327034275074,0
full,0,3,792,198,prior_rf,0.837300357953183,0.45779566987060605,0.6766059930791376,0.4675738146489882,3.107780749999999,0
full,0,3,792,198,rf,0.8268283052886236,0.4872613792242426,0.6980411013860449,0.47773303030303027,3.1853000000000016,0
full,0,3,792,198,gbr,0.8309958010221508,0.4755350995778255,0.6895905303713397,0.49478079420396126,2.9050967407542494,0
full,0,3,792,198,svr,0.8045914199305246,0.5498303541788252,0.7415054646992328,0.5209708239915853,3.19516320979859,0
full,0,3,792,198,mlp,0.8810863098362882,0.33459306830937896,0.5784402028813168,0.40151149025469124,2.8340585613250733,0
full,0,3,792,198,pinn,0.8827097989355762,0.3300249803259872,0.5744780068253155,0.40537688874355476,2.8101311111450196,0
full,0,3,792,198,stack_ridge,0.8870387056680015,0.31784453092581144,0.5637770223464339,0.39144540521375043,2.8781559069253513,0
full,0,3,792,198,stack_nnls,0.885111098840389,0.3232683293299905,0.5685669084021603,0.39287089106004347,2.9153169249707727,0
full,0,4,792,198,prior_xgb,0.7975253633760242,0.37181568867155196,0.6097669133952349,0.40762552355154597,2.715279678344727,0
full,0,4,792,198,prior_gbr,0.7941849589276221,0.3779498633076114,0.6147762709373317,0.4297383999123476,2.6775934927047578,0
full,0,4,792,198,prior_rf,0.7327397701581289,0.4907851574403349,0.7005606022610285,0.5099940949431052,2.6698223095237994,0
full,0,4,792,198,rf,0.7344612139775766,0.4876239722671715,0.6983007749295225,0.5111506565656564,2.742799999999998,0
full,0,4,792,198,gbr,0.7530683308048676,0.45345466556936675,0.6733904258076192,0.488082132404136,2.6424054300845885,0
full,0,4,792,198,svr,0.696439174515777,0.5574460054013302,0.7466230678202557,0.5442305951858786,2.3489386188509425,0
full,0,4,792,198,mlp,0.8337356155977451,0.3053207434711144,0.5525583620497606,0.3774216180371515,2.6699700508117674,0
full,0,4,792,198,pinn,0.798659618601858,0.36973279130250547,0.6080565691631868,0.43597360406138674,2.5258185272216798,0
full,0,4,792,198,stack_ridge,0.834493297951293,0.3039293682807399,0.5512978943191602,0.38426536138356493,2.4193739417299485,0
full,0,4,792,198,stack_nnls,0.8361208874678081,0.3009405331009465,0.5485804709438229,0.38056483978762357,2.515349918076579,0
full,1,0,792,198,prior_xgb,0.8904956589945732,0.22319103817628477,0.47243098773925146,0.3368159394011353,2.235839912414551,0
full,1,0,792,198,prior_gbr,0.8904006881154681,0.22338460720660228,0.47263580821453033,0.35077120274205825,1.8910872299765384,0
full,1,0,792,198,prior_rf,0.874139986075938,0.2565270647234062,0.5064850093767892,0.3751155980180691,2.008382708333347,0
full,1,0,792,198,rf,0.8768168444179771,0.2510711093984847,0.5010699645742944,0.3703620707070706,2.2858799999999984,0
full,1,0,792,198,gbr,0.8689008143459783,0.26720551059009184,0.516919249583619,0.3819131595946228,2.29485813362083,0
full,1,0,792,198,svr,0.8220736875079195,0.3626482570404901,0.6022028371242452,0.4409187148826877,2.7333370376273294,0
full,1,0,792,198,mlp,0.8927497451562779,0.218596774369476,0.46754333956273614,0.3395003080289773,2.0561610879898073,1
full,1,0,792,198,pinn,0.8939451487334249,0.21616031054554538,0.4649304362434722,0.3369398515561614,2.2224094095230105,1
full,1,0,792,198,stack_ridge,0.9064614901767915,0.19064958452989456,0.4366343831283727,0.3145368845948416,1.5984278576667696,0
full,1,0,792,198,stack_nnls,0.9073061472998705,0.18892800985557506,0.4346584979677437,0.3125331103307847,1.5371394741129483,0
full,1,1,792,198,prior_xgb,0.8537199208403099,0.3467790185108323,0.5888794600857058,0.40840646987340673,2.8935192012786866,0
full,1,1,792,198,prior_gbr,0.8604353477047451,0.3308590849812104,0.5752035161412092,0.4175928246153677,2.7935589712195283,0
full,1,1,792,198,prior_rf,0.8128945947936823,0.44356161924609055,0.66600421863986,0.46680021833783925,2.9580129856299973,0
full,1,1,792,198,rf,0.8061794695104959,0.4594808378318182,0.6778501588343977,0.47262247474747476,2.8771299999999993,0
full,1,1,792,198,gbr,0.8173174652812478,0.4330765368241421,0.6580855087480214,0.4825272751551463,2.6792116863581508,0
full,1,1,792,198,svr,0.7874682201642915,0.5038386801344924,0.7098159480699855,0.48920364930483945,3.096970342388241,0
full,1,1,792,198,mlp,0.8552081771530688,0.34325088216857824,0.5858761662404252,0.3881819461144582,2.965027370452881,1
full,1,1,792,198,pinn,0.871968869966858,0.3035171286943117,0.5509238864800761,0.35855055462170127,2.7497884788513183,0
full,1,1,792,198,stack_ridge,0.8751659117183722,0.29593805841285553,0.5440018919202906,0.36664724816114597,2.8139024263403707,0
full,1,1,792,198,stack_nnls,0.8759273968406587,0.2941328429328391,0.5423401542692917,0.3637044641673108,2.881998780255165,0
full,1,2,792,198,prior_xgb,0.8474040559639033,0.3686536039195009,0.6071685136101023,0.40288078525812937,3.0059083824157717,0
full,1,2,792,198,prior_gbr,0.8330121236004393,0.40342279629005096,0.6351557260153221,0.4320530463202248,2.821424669538292,0
full,1,2,792,198,prior_rf,0.8224925903325842,0.42883673422426327,0.6548562698976496,0.4561182343983432,3.324408214285711,0
full,1,2,792,198,rf,0.822674437431347,0.4283974133186866,0.6545207508694332,0.4549889393939392,3.271,0
full,1,2,792,198,gbr,0.8068137773847961,0.4667148766276716,0.6831653362310413,0.4878075015473143,2.9230789953313394,0
full,1,2,792,198,svr,0.7209627705080046,0.6741206716189224,0.8210485196496748,0.556914382594091,3.8222114631681245,0
full,1,2,792,198,mlp,0.8342084101675704,0.4005327105995097,0.6328765366163528,0.3852067697272457,4.236855876922608,1
full,1,2,792,198,pinn,0.8257226297500405,0.4210333441697698,0.6488708224059468,0.38773295898509746,4.411854160308838,1
full,1,2,792,198,stack_ridge,0.8542661898222105,0.3520755068185418,0.5933595089138977,0.3765592692672862,4.014638880514193,0
full,1,2,792,198,stack_nnls,0.8453375021023405,0.37364615161512443,0.6112660236060274,0.3854133928415511,4.0738401055482445,0
full,1,3,792,198,prior_xgb,0.8942989768085559,0.29178096081989663,0.5401675303273019,0.38472760673364,2.577422569274902,0
full,1,3,792,198,prior_gbr,0.8918441279334085,0.2985574152177015,0.5464040768677532,0.41097120323077607,1.7933970864140285,0
full,1,3,792,198,prior_rf,0.8585042132228057,0.3905901321602233,0.6249721051056786,0.4717238325974337,2.0707327023809574,0
full,1,3,792,198,rf,0.8572027970306548,0.3941826088979798,0.6278396362909718,0.4691745454545455,2.136660000000001,0
full,1,3,792,198,gbr,0.8665312425403225,0.36843202757354854,0.6069860192570736,0.47070001005133105,2.099203652096106,0
full,1,3,792,198,svr,0.7976922704692423,0.5584576376035909,0.7473002325729539,0.5239725817037668,3.881240824314591,0
full,1,3,792,198,mlp,0.9045419508946546,0.26350588144737164,0.5133282394797423,0.3687080759640896,2.3636440353393553,1
full,1,3,792,198,pinn,0.900574794874484,0.27445696366339983,0.5238864033961941,0.378601982267216,2.244460018157959,0
full,1,3,792,198,stack_ridge,0.9182286336040696,0.22572466315058015,0.47510489699705283,0.3482882121243476,2.0177862616548463,0
full,1,3,792,198,stack_nnls,0.9156116712770146,0.23294862143558742,0.48264751261721783,0.3541972696347553,2.113172412067648,0
full,1,4,792,198,prior_xgb,0.8269488469771812,0.4010902014693152,0.633316825506251,0.4092486953458401,3.23391722869873,0
full,1,4,792,198,prior_gbr,0.8368894941954689,0.37805021516542353,0.614857882087742,0.41728977550330526,3.0267599190213543,0
full,1,4,792,198,prior_rf,0.7942660542414836,0.47684091271255247,0.6905366845523505,0.45832853979408494,2.9966075000000023,0
full,1,4,792,198,rf,0.801948802693804,0.4590341829060604,0.6775206143772013,0.4540132323232323,3.150569999999999,0
full,1,4,792,198,gbr,0.807599439848158,0.44593738952976325,0.6677854367457883,0.48746676306188574,2.578669120989452,0
full,1,4,792,198,svr,0.7740566362751031,0.5236813953220169,0.7236583415687384,0.48842530233289805,3.2719777163328247,0
full,1,4,792,198,mlp,0.8817503750890558,0.27407367735335153,0.523520465075962,0.35173533436023835,2.3170807285308834,1
full,1,4,792,198,pinn,0.8875237356923324,0.26069244107104916,0.5105804942132525,0.35303297382111504,1.965712909698487,0
full,1,4,792,198,stack_ridge,0.889851502924056,0.2552972465771844,0.5052694791664982,0.34310397520118113,2.019360885558722,0
full,1,4,792,198,stack_nnls,0.8916641140947181,0.2510960576979025,0.5010948589817127,0.34343244681969853,2.0238405283030643,0
full,2,0,792,198,prior_xgb,0.9018316544594164,0.27485244817924787,0.524263720067723,0.36913605151634027,2.2730311851501463,0
full,2,0,792,198,prior_gbr,0.8910740610855843,0.304971636386329,0.5522423710530812,0.40437669996219405,2.5182471703315166,0
full,2,0,792,198,prior_rf,0.8602173756740207,0.3913644087343056,0.6255912473287215,0.44660005127611513,2.1648317916666713,0
full,2,0,792,198,rf,0.855608260906767,0.4042690417984847,0.6358215487056763,0.4517232828282829,2.259870000000004,0
full,2,0,792,198,gbr,0.8572687504916208,0.39961999097604306,0.6321550371357038,0.47499411366392835,2.4065283118953333,0
full,2,0,792,198,svr,0.8074546511360432,0.5390898688305559,0.7342273958594543,0.5051645549704855,3.078684955578363,0
full,2,0,792,198,mlp,0.89583794747967,0.2916336725951293,0.5400311774287937,0.3668799383556,2.20439142036438,1
full,2,0,792,198,pinn,0.8930079613469653,0.29955708836223816,0.547318087004475,0.3700437793009209,2.1315519218444825,1
full,2,0,792,198,stack_ridge,0.914271539974444,0.24002316619383032,0.489921591883671,0.34408309655534114,1.9578086825989716,0
full,2,0,792,198,stack_nnls,0.9154977608838699,0.23658998396886363,0.48640516441426035,0.34180009607486356,2.0189350625118427,0
full,2,1,792,198,prior_xgb,0.899311877035577,0.2509291123659704,0.5009282507165775,0.36083308124783064,1.8471838855743408,0
full,2,1,792,198,prior_gbr,0.8873558468064677,0.2807252389048589,0.5298351053911574,0.37789950224351787,1.7566918373799476,0
full,2,1,792,198,prior_rf,0.8684802030153327,0.32776602586559433,0.5725085378102185,0.40443060369999906,2.4900116426482803,0
full,2,1,792,198,rf,0.8679082474602638,0.32919142039595933,0.573752054807614,0.4056279797979796,2.5723700000000016,0
full,2,1,792,198,gbr,0.8519776350297812,0.36889277065392145,0.6073654341942102,0.449957797468711,2.261035104245231,0
full,2,1,792,198,svr,0.8033482370281301,0.49008414175294807,0.7000600986722126,0.47179192643400353,3.6968329671895415,0
full,2,1,792,198,mlp,0.9110019383986763,0.22179581804105103,0.4709520336945696,0.33575663332264827,1.6622330570220947,1
full,2,1,792,198,pinn,0.8987860285180742,0.2522396016059234,0.5022346081324179,0.3500585264051803,2.0956613769531254,0
full,2,1,792,198,stack_ridge,0.9174066947633459,0.2058342549272493,0.45368960196068997,0.32314032308932655,1.8079085090806015,0
full,2,1,792,198,stack_nnls,0.9169575383094494,0.20695361664511078,0.45492154998978757,0.3226200035779432,1.8504026691726065,0
full,2,2,792,198,prior_xgb,0.8409599977949048,0.3384625365619183,0.5817753316890621,0.38082167971013775,2.8375047569274905,0
full,2,2,792,198,prior_gbr,0.8339132166566952,0.3534592127790085,0.594524358440433,0.4066674685983108,2.791334386551581,0
full,2,2,792,198,prior_rf,0.8020942161038421,0.4211751300870046,0.6489800690984312,0.44561392047048537,3.0099258333333303,0
full,2,2,792,198,rf,0.8094277983532896,0.40556809527929305,0.6368422844624037,0.4345055050505051,2.9783100000000013,0
full,2,2,792,198,gbr,0.7831541866419602,0.4614825390743305,0.6793250614207682,0.47231954910645124,3.278866325159111,0
full,2,2,792,198,svr,0.7592997053329495,0.5122486868376129,0.7157155069143136,0.4747818436130589,3.929673485672998,0
full,2,2,792,198,mlp,0.8486716520497761,0.3220509041172312,0.5674952899515829,0.37662939158955,3.379878414154053,0
full,2,2,792,198,pinn,0.8582413072878082,0.3016851487036311,0.5492587265612,0.3666991073567457,3.3003462677001956,1
full,2,2,792,198,stack_ridge,0.8634353167625872,0.29063146662751255,0.5391024639412368,0.360194910105995,3.3121339111752564,0
full,2,2,792,198,stack_nnls,0.8601331092702071,0.29765909180751854,0.5455814254605068,0.35858194028632157,3.4211327812496384,0
full,2,3,792,198,prior_xgb,0.8762276743096568,0.3477887461257078,0.5897361665403503,0.4020743629571163,3.4365862655639656,0
full,2,3,792,198,prior_gbr,0.8683519914250508,0.3699186839776756,0.6082094079983271,0.41846574607989295,2.8467401749413765,0
full,2,3,792,198,prior_rf,0.8567076691325738,0.4026381487449129,0.6345377441452265,0.44284122252055697,3.050192500000005,0
full,2,3,792,198,rf,0.8469681946373924,0.4300051680176769,0.6557477929948959,0.45066661616161613,3.1602900000000016,0
full,2,3,792,198,gbr,0.8439210620808495,0.4385673276539933,0.6622441601509169,0.4850326786677487,2.048775238720273,0
full,2,3,792,198,svr,0.8003052907760051,0.5611235964225696,0.7490818355978001,0.5178863792878339,3.463067972678222,0
full,2,3,792,198,mlp,0.8781400525461983,0.34241514079596014,0.5851624909338945,0.3919400445921253,3.0298570289611817,0
full,2,3,792,198,pinn,0.8890713430015659,0.31169922930440774,0.5583003038727524,0.3801813309042141,2.3744419708251954,1
full,2,3,792,198,stack_ridge,0.9027128422128647,0.273367882781583,0.5228459455533561,0.36467646813199767,2.422310332125229,0
full,2,3,792,198,stack_nnls,0.9001335370614765,0.2806154908351085,0.5297315271296476,0.3668700137868421,2.4051909501906144,0
full,2,4,792,198,prior_xgb,0.778242078531695,0.37862909755407825,0.6153284468916403,0.4046055530291615,2.7217922592163086,0
full,2,4,792,198,prior_gbr,0.733728600502427,0.45463133415343193,0.6742635494770809,0.42499148931787695,2.9030877097215457,0
full,2,4,792,198,prior_rf,0.7204054606233105,0.477379240499306,0.6909263640210193,0.44856413030496173,2.9450028670075175,0
full,2,4,792,198,rf,0.7101184917720684,0.49494319360151506,0.703521992265711,0.45384843434343425,3.0804700000000014,0
full,2,4,792,198,gbr,0.6872640626841191,0.5339648069147547,0.7307289558480317,0.49009864671653053,3.197843603836956,0
full,2,4,792,198,svr,0.7072594056547797,0.4998247923703471,0.7069828798283216,0.48476492586954106,3.1794249271832777,0
full,2,4,792,198,mlp,0.7932131335919741,0.3530675436335971,0.5941948700835418,0.3951438391873932,2.4973467903137205,2
full,2,4,792,198,pinn,0.804193424501167,0.3343198136300799,0.5782039550453455,0.3996707758891462,2.420729913711548,1
full,2,4,792,198,stack_ridge,0.7850420942986108,0.3670187622112264,0.6058207343853679,0.3908820262379258,2.8310902387712247,1
full,2,4,792,198,stack_nnls,0.785638654092069,0.3660001970355675,0.6049795013350184,0.38966011041209053,2.8970859268292433,0
full,3,0,792,198,prior_xgb,0.8346636923550248,0.3417135463640837,0.5845626966922228,0.40645012309755935,2.6478067436218264,0
full,3,0,792,198,prior_gbr,0.8326602279657989,0.3458542637371037,0.5880937542068473,0.42388248339206824,2.4852113778971416,0
full,3,0,792,198,prior_rf,0.7997029134719564,0.41396973682792637,0.6434048001281358,0.4626747029009494,2.554181374999991,0
full,3,0,792,198,rf,0.8049534231771913,0.4031180956055554,0.6349158177314181,0.45865146464646456,2.524349999999999,0
full,3,0,792,198,gbr,0.8137658527942278,0.38490475445009903,0.6204069265007436,0.467703380784784,2.5557960160679283,0
full,3,0,792,198,svr,0.7388382077604487,0.539763609530984,0.7346860618869695,0.5347143804488202,2.674060094150125,0
full,3,0,792,198,mlp,0.8226614388232973,0.36651954739982817,0.605408578895136,0.44317203716888565,2.6095075492858886,0
full,3,0,792,198,pinn,0.8381583550221176,0.3344908522666523,0.5783518412408248,0.4049010585383935,2.383324493408203,1
full,3,0,792,198,stack_ridge,0.8483234069276047,0.3134819402794701,0.5598945796125107,0.403688720917373,2.128558074343241,0
full,3,0,792,198,stack_nnls,0.8470219892561098,0.31617168250343647,0.5622914569006331,0.4077044753964843,2.175214741077813,0
full,3,1,792,198,prior_xgb,0.8890045896658887,0.3099141663639642,0.5566993500660515,0.38369816947103746,2.4063596935272216,0
full,3,1,792,198,prior_gbr,0.8779814394452558,0.34069228954084935,0.5836885209945878,0.4024633930411302,2.60396235530241,0
full,3,1,792,198,prior_rf,0.8535301772270714,0.40896351376611345,0.6395025518057871,0.4504182331597009,2.6484129992529395,0
full,3,1,792,198,rf,0.8508547128740869,0.41643377133888865,0.6453167992070938,0.4564058080808079,2.653970000000001,0
full,3,1,792,198,gbr,0.850614624117349,0.4171041315517461,0.6458359943141494,0.4479481994323877,2.6636142742382143,0
full,3,1,792,198,svr,0.801388525344026,0.554550043222889,0.744681168838644,0.4848900773493197,3.8043204898954146,0
full,3,1,792,198,mlp,0.9025147120662865,0.272192081202145,0.5217203093633073,0.35181433163989667,3.37081946182251,0
full,3,1,792,198,pinn,0.8999086950495266,0.2794684324390866,0.5286477394627603,0.36355142269772706,3.004299057006836,0
full,3,1,792,198,stack_ridge,0.9101631646845838,0.250836569203597,0.500835870524064,0.34342954349034627,2.8774663737072057,0
full,3,1,792,198,stack_nnls,0.9108605425508102,0.24888939607813462,0.49888815988970375,0.34113837816069204,3.0872349819546967,0
full,3,2,792,198,prior_xgb,0.9087564203486258,0.2477452722448377,0.4977401653923839,0.3209829020608555,2.917577543258667,0
full,3,2,792,198,prior_gbr,0.9047638605880827,0.2585859013456343,0.508513422974885,0.34433554426151886,2.7577058591988184,0
full,3,2,792,198,prior_rf,0.8731413162218028,0.3444476780649617,0.5868966502417284,0.3897206107349464,2.9652040419078696,0
full,3,2,792,198,rf,0.8780536827526795,0.3311095825166668,0.5754212218163898,0.384664090909091,2.8255900000000005,0
full,3,2,792,198,gbr,0.8659368403306626,0.3640093266527482,0.6033318544986235,0.4348220375080713,2.8760297231892684,0
full,3,2,792,198,svr,0.8267540540123797,0.4703987307162931,0.6858562026520524,0.4522949059188972,3.048442792098059,0
full,3,2,792,198,mlp,0.8924630158666498,0.2919852499463438,0.5403565951724322,0.35097550280407225,2.941467561721802,0
full,3,2,792,198,pinn,0.8995905666503823,0.27263246900436844,0.5221421923234786,0.34802866228120505,3.0561120891571045,0
full,3,2,792,198,stack_ridge,0.8992070899170489,0.27367368799273195,0.5231383067533212,0.33945125482657773,3.0526249822869698,0
full,3,2,792,198,stack_nnls,0.9001968908671216,0.2709861728077631,0.5205633225725408,0.33748361496843726,3.1142518542428226,0
full,3,3,792,198,prior_xgb,0.8693365938922876,0.30045169078372863,0.5481347378005965,0.3669480743191459,3.4039887237548836,0
full,3,3,792,198,prior_gbr,0.8619161105481357,0.3175145918177417,0.5634843314749237,0.39071384334797565,3.163760072096098,0
full,3,3,792,198,prior_rf,0.8270726534912733,0.3976347715783593,0.6305828824019561,0.4356824296973902,3.189902500000006,0
full,3,3,792,198,rf,0.8352734212658656,0.3787776591166667,0.6154491523405218,0.42043580808080816,3.25981,0
full,3,3,792,198,gbr,0.8463553846426388,0.3532954316672297,0.5943866011841364,0.43830215398674116,2.5954037310900357,0
full,3,3,792,198,svr,0.7889645013526346,0.4852618975179591,0.6966074199417912,0.46879410525908954,3.7650783955612592,0
full,3,3,792,198,mlp,0.8377169213098916,0.37315899554798143,0.6108674124128586,0.3940526949660947,2.6773589286804196,1
full,3,3,792,198,pinn,0.8560559707928876,0.3309895879941141,0.5753169456865617,0.3893604499480941,2.457781139373779,1
full,3,3,792,198,stack_ridge,0.8823183829690837,0.27060094225582143,0.5201931778251435,0.3457560808415346,2.166044614227526,1
full,3,3,792,198,stack_nnls,0.8779990897540784,0.2805328657231253,0.529653533664343,0.349766881858122,2.1760636550027437,1
full,3,4,792,198,prior_xgb,0.8031848143771902,0.40531617515709906,0.6366444652685666,0.43889965775037054,2.7850047245025635,0
full,3,4,792,198,prior_gbr,0.7682238002784808,0.4773139962056191,0.6908791473229012,0.47887406876836836,2.883337261751925,0
full,3,4,792,198,prior_rf,0.789606899672664,0.43327818650918504,0.6582387002518045,0.465346400002121,2.663912499999995,0
full,3,4,792,198,rf,0.7868496585935087,0.438956378487374,0.6625378317404781,0.47213631313131327,2.632240000000003,0
full,3,4,792,198,gbr,0.7626698397240248,0.4887516809644552,0.6991077749277683,0.5055805576227054,2.9697288910883337,0
full,3,4,792,198,svr,0.7269508805358963,0.5623103948051159,0.749873585883058,0.5117027333706207,3.094402225518423,0
full,3,4,792,198,mlp,0.8100841614352658,0.3911078357354661,0.6253861492993478,0.39506734809249344,3.9393892183303834,0
full,3,4,792,198,pinn,0.8020995170369277,0.40755120882826307,0.6383973753300236,0.38027515094208,3.9688218727111817,0
full,3,4,792,198,stack_ridge,0.8278948274321452,0.35442900429259866,0.5953394026037573,0.3833968956825819,3.3475341017102878,0
full,3,4,792,198,stack_nnls,0.8263838659130334,0.3575406399207032,0.597947020998268,0.38587011343776284,3.3670097082577315,0
full,4,0,792,198,prior_xgb,0.8580638326730279,0.3449417769056344,0.5873174413429542,0.4099025347813813,2.6259122104644774,0
full,4,0,792,198,prior_gbr,0.849275763661576,0.3662990686901613,0.605226460665891,0.43906720994643583,2.2053780751716223,0
full,4,0,792,198,prior_rf,0.8185827900347213,0.44089097194323107,0.6639962138018793,0.48735575462573144,2.416788934837098,0
full,4,0,792,198,rf,0.8219629320285929,0.4326763483732323,0.6577813834194703,0.4828162121212121,2.16923,0
full,4,0,792,198,gbr,0.8205750662622804,0.43604922290235437,0.6603402326849049,0.4998944294619492,2.3271902682300185,0
full,4,0,792,198,svr,0.7624849951343726,0.5772231937992524,0.7597520607403789,0.5510846292158473,2.9265194877064946,0
full,4,0,792,198,mlp,0.8830101016589443,0.2843158595427615,0.5332127713612658,0.3838062142302291,2.570788375854492,1
full,4,0,792,198,pinn,0.8837214438425178,0.28258711315337565,0.5315892334814313,0.3741073997062866,2.3581554813385006,1
full,4,0,792,198,stack_ridge,0.8813338236781805,0.288389650713552,0.5370192275082448,0.38755122648224516,2.305227226152424,1
full,4,0,792,198,stack_nnls,0.8806860179395737,0.28996398702805815,0.5384830424702881,0.39373581975125393,2.3119578053949,0
full,4,1,792,198,prior_xgb,0.8573973500683422,0.4111738237710295,0.6412283709966594,0.3955207777517011,3.371995811462403,0
full,4,1,792,198,prior_gbr,0.879311068785389,0.34798883020850363,0.5899057807891898,0.4011199966717953,3.0177893220676832,0
full,4,1,792,198,prior_rf,0.813894965575886,0.5366065684184333,0.7325343462380678,0.47059506618212177,3.0948325000000088,0
full,4,1,792,198,rf,0.8153088396906669,0.5325298697989901,0.7297464421283533,0.47560818181818176,3.1456399999999993,0
full,4,1,792,198,gbr,0.821080637633262,0.5158877370530142,0.718253254119335,0.5086378631189904,3.0274294673430004,0
full,4,1,792,198,svr,0.7455990109319237,0.7335279358159454,0.856462454411135,0.5469005760504868,4.332019393037985,0
full,4,1,792,198,mlp,0.8840582472834593,0.33430103733711863,0.5781877180787557,0.41393668797431576,2.559553638458252,0
full,4,1,792,198,pinn,0.8867246907468227,0.32661273873098573,0.5715004275860043,0.3996711843874719,2.2336654815673826,1
full,4,1,792,198,stack_ridge,0.8907245454086782,0.31507974452203036,0.5613196455871025,0.39542536758425645,2.2844467523797762,0
full,4,1,792,198,stack_nnls,0.8875193426014502,0.3243214766696533,0.5694922972873762,0.39869452590945104,2.141120105360419,0
full,4,2,792,198,prior_xgb,0.8333926076855148,0.3337113898306759,0.5776775829393728,0.38456933660940695,2.7308445358276368,0
full,4,2,792,198,prior_gbr,0.8246906803127223,0.3511411823353132,0.5925716685223089,0.3900199383259839,2.880093600649032,0
full,4,2,792,198,prior_rf,0.7883930051473858,0.42384472482989044,0.6510335819524907,0.44504248437620175,3.015716383928572,0
full,4,2,792,198,rf,0.7920566447086876,0.4165065255287878,0.6453731676547978,0.43647964646464643,3.051329999999999,0
full,4,2,792,198,gbr,0.7943426158037853,0.4119277695644795,0.6418159935405782,0.43681594075405616,2.9828361803307657,0
full,4,2,792,198,svr,0.718507271886309,0.5638244991478767,0.7508824802509889,0.4916307864803728,4.193833967660444,0
full,4,2,792,198,mlp,0.7740947132900107,0.4524839273385203,0.6726692555324052,0.41500145761774043,3.8159803276062014,0
full,4,2,792,198,pinn,0.7361064760937197,0.5285736329385128,0.7270306960084373,0.462858446832257,4.350066078186035,0
full,4,2,792,198,stack_ridge,0.8001238583259039,0.4003480524210604,0.632730631802397,0.40259115273293156,3.47921217630833,0
full,4,2,792,198,stack_nnls,0.794326158855117,0.4119607325148995,0.6418416724667381,0.4061499728395621,3.6027749997120937,0
full,4,3,792,198,prior_xgb,0.8916434519273821,0.26694625196772176,0.5166684158797804,0.3582236470911238,2.2441988677978517,0
full,4,3,792,198,prior_gbr,0.8768975068163957,0.3032742344396397,0.5507033996986397,0.38662098060306127,2.355199898332654,0
full,4,3,792,198,prior_rf,0.8610075738032266,0.3424205355846424,0.585167100565849,0.41764143323045083,2.0887089285714193,0
full,4,3,792,198,rf,0.8521836217963072,0.3641591472116163,0.6034560027140473,0.42146934343434345,2.4851700000000023,0
full,4,3,792,198,gbr,0.8561229111339307,0.35445434816808963,0.5953606874560073,0.4407646177834201,2.4096486376719928,0
full,4,3,792,198,svr,0.8260361036298662,0.42857594616788736,0.6546571210701732,0.44380304564271544,2.58493031527389,0
full,4,3,792,198,mlp,0.9149517264631368,0.20952418899295305,0.45773812272188236,0.3394424897558762,1.4106661701202396,2
full,4,3,792,198,pinn,0.9083400659546819,0.2258126184733036,0.47519745209050057,0.3524334784150124,1.9099923992156986,1
full,4,3,792,198,stack_ridge,0.9184482056178654,0.20091029327515544,0.44823017889824807,0.330286504032843,1.4719565998017377,0
full,4,3,792,198,stack_nnls,0.9168140609879557,0.20493615781114288,0.45269874951356215,0.3334236622443967,1.5183776587442805,0
full,4,4,792,198,prior_xgb,0.8625292757775592,0.29080709913124003,0.5392653327734317,0.37060226191775975,2.525289405822754,0
full,4,4,792,198,prior_gbr,0.8754303927830943,0.2635159327163333,0.5133380296805734,0.3626806472858291,2.377975395224437,0
full,4,4,792,198,prior_rf,0.8418268525576857,0.3346012354872618,0.5784472624943969,0.40742067090326173,2.364813087121212,0
full,4,4,792,198,rf,0.8522049350138641,0.31264732442222226,0.5591487498172756,0.39702222222222233,2.36649,0
full,4,4,792,198,gbr,0.8371498388439312,0.3444950423205857,0.5869370002995089,0.4310409020877978,2.0387863915034723,0
full,4,4,792,198,svr,0.7611559223447921,0.5052534185765886,0.7108118025023139,0.48661647094692567,3.359777038575211,0
full,4,4,792,198,mlp,0.840381850219726,0.33765800950599745,0.5810834789477304,0.3923004082212544,2.483816255569458,0
full,4,4,792,198,pinn,0.8426648433696408,0.33282854040253257,0.5769129400546781,0.39990241507809565,2.8010498180389405,0
full,4,4,792,198,stack_ridge,0.8774565153362403,0.2592298505304902,0.5091461975999528,0.35387299159736696,2.425466513455083,0
full,4,4,792,198,stack_nnls,0.8733125633163268,0.2679960127273236,0.5176833131629062,0.35620620485086923,2.4224691509161675,0
geometry_only,0,0,792,198,prior_xgb,0.8343687068586647,0.3928470196371168,0.6267750949400565,0.4096343967536032,3.104254476547241,1
geometry_only,0,0,792,198,prior_gbr,0.8384919715014777,0.3830673928807044,0.618924383814941,0.4253326426784308,2.849724502753083,1
geometry_only,0,0,792,198,prior_rf,0.8116673131179301,0.4466905579173274,0.6683491287623015,0.4531544340546167,3.3403932210662557,0
geometry_only,0,0,792,198,rf,0.810731952261936,0.44890906214798004,0.6700067627628694,0.4439329797979798,3.156800000000003,0
geometry_only,0,0,792,198,gbr,0.82120483580055,0.424069305075985,0.6512060388816929,0.47583820613074146,2.4506210817579133,0
geometry_only,0,0,792,198,svr,0.7809607073697127,0.5195209894292379,0.7207780444972209,0.49781584112638244,3.09044390439099,0
geometry_only,0,0,792,198,mlp,0.8246158591537142,0.41597898390062793,0.6449643276186893,0.43399209335536665,3.1461825294494625,1
geometry_only,0,0,792,198,pinn,0.8093813568098311,0.45211242660907897,0.6723930596080532,0.44165878234306966,3.016953937530517,3
geometry_only,0,0,792,198,stack_ridge,0.8625402809712367,0.3260292177669934,0.5709896827150149,0.3841771472123218,2.7959628941750676,1
geometry_only,0,0,792,198,stack_nnls,0.8628238946079305,0.325356538288433,0.5704003315991611,0.38634066866527345,2.763167727955677,0
geometry_only,0,1,792,198,prior_xgb,0.8586544834922426,0.3652198139386315,0.604334190608666,0.4211629492718764,2.9222049922943114,0
geometry_only,0,1,792,198,prior_gbr,0.8468105728671127,0.3958230544353212,0.6291447007130563,0.44761194362523765,2.7463482995597666,0
geometry_only,0,1,792,198,prior_rf,0.8258217103116503,0.4500557507859605,0.6708619461453753,0.4846702359330253,2.7176340595238075,0
geometry_only,0,1,792,198,rf,0.8165213358985908,0.474086799641414,0.6885396137052784,0.49665626262626267,2.64374,0
geometry_only,0,1,792,198,gbr,0.7901276336619396,0.5422849516464147,0.7363999943280924,0.5480673363651244,2.8761574663486016,0
geometry_only,0,1,792,198,svr,0.7384173274147698,0.6758981633910158,0.8221302593816967,0.5584447172390595,4.159048422589132,0
geometry_only,0,1,792,198,mlp,0.8331541822947413,0.4311095251147152,0.6565893123671106,0.394990982010509,3.678061309814453,0
geometry_only,0,1,792,198,pinn,0.822839258823042,0.45776204671003917,0.6765811456950593,0.40054405625420386,4.07819253540039,1
geometry_only,0,1,792,198,stack_ridge,0.8525522519242104,0.3809872463478857,0.6172416434006099,0.4124214438402156,2.6844100300615215,0
geometry_only,0,1,792,198,stack_nnls,0.8468393399865051,0.39574872365885505,0.6290856250613703,0.4219241004435975,2.685303909743822,0
geometry_only,0,2,792,198,prior_xgb,0.8331994520316998,0.38722604005482175,0.6222748910689083,0.40221838080341177,4.003491771697998,0
geometry_only,0,2,792,198,prior_gbr,0.8356481763347472,0.3815413476086359,0.6176903331027902,0.4169138062042803,3.5273990003067723,0
geometry_only,0,2,792,198,prior_rf,0.8249397077120926,0.4064009655793747,0.6374958553428992,0.44413338930797247,3.388724374999999,0
geometry_only,0,2,792,198,rf,0.8263055557993418,0.40323016097121184,0.6350040637438565,0.4446546969696969,3.35334,0
geometry_only,0,2,792,198,gbr,0.8182178969487716,0.42200559155682266,0.6496195744871168,0.46996398987471666,3.32853422923131,0
geometry_only,0,2,792,198,svr,0.751347019781694,0.5772457587852955,0.7597669108254818,0.5023016656944886,4.045618075082119,0
geometry_only,0,2,792,198,mlp,0.8361831627843903,0.3802993811588753,0.6166841826728453,0.41329109959229077,3.4243387107849124,1
geometry_only,0,2,792,198,pinn,0.8218300751053257,0.4136199509784668,0.6431329185934015,0.4292407815980189,3.924131763458252,1
geometry_only,0,2,792,198,stack_ridge,0.8529068525938386,0.34147547884622503,0.5843590324845035,0.38059659514063265,3.7301899258964113,0
geometry_only,0,2,792,198,stack_nnls,0.8529042877583923,0.3414814330896935,0.5843641271413685,0.3824327385760669,3.7005652159718014,0
geometry_only,0,3,792,198,prior_xgb,0.8171029279045015,0.5146261330632679,0.7173744719902346,0.4669271377421389,3.30379656791687,0
geometry_only,0,3,792,198,prior_gbr,0.8229875074335524,0.49806841361460685,0.7057396216839514,0.4802788117784534,3.38909493101455,0
geometry_only,0,3,792,198,prior_rf,0.8069001427149596,0.5433341918004112,0.7371120619013172,0.5142869807284955,3.141620869408367,0
geometry_only,0,3,792,198,rf,0.8021191770728459,0.5567866207131313,0.746181359130025,0.5183708080808083,3.1948899999999973,0
geometry_only,0,3,792,198,gbr,0.8133384703326523,0.5252183651918932,0.724719507942137,0.5061116972386028,3.4699686873658893,0
geometry_only,0,3,792,198,svr,0.7631381850665135,0.6664692796499264,0.8163756976110487,0.5858761841909973,3.2725973211273702,0
geometry_only,0,3,792,198,mlp,0.8535485697982781,0.41207730852544455,0.641932479724655,0.42991043683675806,2.9975532608032225,0
geometry_only,0,3,792,198,pinn,0.8518916278467487,0.4167395243797294,0.6455536572429355,0.42467627558684107,3.223643102645874,0
geometry_only,0,3,792,198,stack_ridge,0.8589794334832795,0.39679623078382426,0.6299176380955087,0.4076796717053177,3.343533825320142,0
geometry_only,0,3,792,198,stack_nnls,0.858033016686944,0.3994592084388739,0.6320278541637813,0.409755419974106,3.255932700131286,0
geometry_only,0,4,792,198,prior_xgb,0.7654389001255073,0.43073788569063615,0.6563062438302992,0.4570742547536137,2.5488153495788577,0
geometry_only,0,4,792,198,prior_gbr,0.7517412660847578,0.4558916299765963,0.675197474800222,0.4802554424068648,2.8054480245111266,0
geometry_only,0,4,792,198,prior_rf,0.6955457478292078,0.5590866556293446,0.7477209744479183,0.5530111340828604,2.5435681677489224,0
geometry_only,0,4,792,198,rf,0.6966052538834246,0.5571410244146463,0.7464187996122862,0.5586045959595959,2.5935799999999993,0
geometry_only,0,4,792,198,gbr,0.7081869491167767,0.5358728988806312,0.7320334001127484,0.5487534574874621,2.453053834597264,0
geometry_only,0,4,792,198,svr,0.6412570398831305,0.6587800970826887,0.8116526948656603,0.6005719307267101,2.395555898603885,0
geometry_only,0,4,792,198,mlp,0.7823845370793518,0.3996196489621859,0.6321547666214231,0.4305805403632347,2.996587455749512,0
geometry_only,0,4,792,198,pinn,0.7827949788392944,0.39886593141920296,0.6315583357214145,0.418311315159605,3.2754051094055177,0
geometry_only,0,4,792,198,stack_ridge,0.7944598167724619,0.37744512621772247,0.6143656290986031,0.43124708157895175,2.862619059680947,0
geometry_only,0,4,792,198,stack_nnls,0.7943068742080546,0.3777259833456102,0.6145941614965198,0.4261904381541458,2.9327976381040957,0
geometry_only,1,0,792,198,prior_xgb,0.8753036733894594,0.25415524478245466,0.5041381207392024,0.35997693285918003,1.823350959777832,0
geometry_only,1,0,792,198,prior_gbr,0.8644642058695202,0.27624817723463446,0.5255931670357163,0.3868618925582356,2.1539951405645197,0
geometry_only,1,0,792,198,prior_rf,0.8456127407730962,0.3146711112241312,0.5609555340881586,0.411466072069752,2.2576125000000116,0
geometry_only,1,0,792,198,rf,0.84480549998961,0.31631642415757566,0.5624201491390362,0.4133544444444444,2.3768999999999987,0
geometry_only,1,0,792,198,gbr,0.8418197959275182,0.32240186682758265,0.5678044265656818,0.4355253907368466,1.6627451002345444,0
geometry_only,1,0,792,198,svr,0.777885896058198,0.45271152720702856,0.6728384109182743,0.4956229565402274,3.1105859677287224,0
geometry_only,1,0,792,198,mlp,0.8537290546845242,0.29812849280897197,0.5460114401814049,0.3842843729704618,2.0170865478515627,2
geometry_only,1,0,792,198,pinn,0.8499596021277425,0.3058113665816446,0.5530021397622659,0.3924542924418594,2.117925805091858,0
geometry_only,1,0,792,198,stack_ridge,0.8810910606405338,0.24235942959343432,0.49230014177677656,0.35349517046511214,2.0780079642670573,0
geometry_only,1,0,792,198,stack_nnls,0.8800519728892485,0.24447729151412403,0.49444644959198975,0.35417709811697345,2.1065221787982957,0
geometry_only,1,1,792,198,prior_xgb,0.8181913278745807,0.43100491357803705,0.656509644695367,0.4452167894731868,3.2641146564483643,0
geometry_only,1,1,792,198,prior_gbr,0.8191537421230178,0.428723365260651,0.65476970398809,0.45757366329741705,3.18419402103025,0
geometry_only,1,1,792,198,prior_rf,0.7894739361508738,0.4990838274899351,0.7064586523569055,0.49146039486736265,2.961541244225955,0
geometry_only,1,1,792,198,rf,0.7904925533060724,0.4966690416944444,0.7047475020845725,0.5035381313131313,3.1496699999999995,0
geometry_only,1,1,792,198,gbr,0.7852429536349428,0.5091140104966679,0.7135222564830532,0.5071873451187828,3.2547630112719417,0
geometry_only,1,1,792,198,svr,0.7446842024166287,0.6052646553439247,0.7779875676024166,0.5439194072483106,3.1747628627760127,0
geometry_only,1,1,792,198,mlp,0.8283898016278968,0.4068278913970289,0.6378306134053373,0.4083567004565037,3.3080086603164673,1
geometry_only,1,1,792,198,pinn,0.802927778929625,0.46718946141619816,0.6835125905323165,0.4597989886785396,3.4391897106170655,0
geometry_only,1,1,792,198,stack_ridge,0.8466734168424375,0.3634838203837333,0.602896193704798,0.3923529024072291,3.290587304745463,0
geometry_only,1,1,792,198,stack_nnls,0.8469573515014369,0.3628107103954513,0.6023377046105045,0.39115294680981516,3.3013993393900423,0
geometry_only,1,2,792,198,prior_xgb,0.8178286985576815,0.44010414058928216,0.6634034523495353,0.4403707168981282,3.648195636749268,0
geometry_only,1,2,792,198,prior_gbr,0.8263922208991864,0.4194156918013238,0.6476231093786909,0.4449401820600857,3.5692682060698218,0
geometry_only,1,2,792,198,prior_rf,0.8035647384243532,0.47456416731234935,0.688886178778722,0.4916468689785708,3.3604414338235244,0
geometry_only,1,2,792,198,rf,0.7995566687859599,0.4842471856015149,0.6958787147208304,0.4958603535353534,3.4439199999999985,0
geometry_only,1,2,792,198,gbr,0.8118888450330217,0.4544541183849028,0.6741321223505841,0.5053074608636368,3.6840227737989926,0
geometry_only,1,2,792,198,svr,0.684437809205972,0.7623606225695813,0.8731326488968221,0.604469667440497,4.027877906582384,0
geometry_only,1,2,792,198,mlp,0.7632346561267056,0.5719968368325881,0.756304724851424,0.43356448348543863,5.6520871047973635,0
geometry_only,1,2,792,198,pinn,0.7919723588328871,0.5025699740288498,0.7089216980942605,0.4028712183796998,5.558320892333985,1
geometry_only,1,2,792,198,stack_ridge,0.8343565864430824,0.40017473438770457,0.632593656613552,0.3931756729737022,4.8332898770579495,0
geometry_only,1,2,792,198,stack_nnls,0.8321747295543199,0.4054458404473035,0.6367462920561874,0.39425571523893904,4.862354073871136,0
geometry_only,1,3,792,198,prior_xgb,0.8632906978352546,0.3773773454056384,0.6143104633698163,0.4441602426881742,2.3537082176208495,0
geometry_only,1,3,792,198,prior_gbr,0.8501462006399039,0.4136618950282793,0.6431655269277725,0.4786662457141675,1.9955736897753855,0
geometry_only,1,3,792,198,prior_rf,0.8257864596869089,0.48090541269712206,0.6934734405131332,0.5235913772908101,2.420329089015147,0
geometry_only,1,3,792,198,rf,0.8248754329819235,0.48342024405151507,0.6952842900939982,0.5223155555555555,2.5470300000000012,0
geometry_only,1,3,792,198,gbr,0.8118345637300934,0.5194187353180931,0.7207071078587286,0.5463809267146553,2.475473350753272,0
geometry_only,1,3,792,198,svr,0.7560591648630203,0.6733831812636354,0.8205992817835239,0.5899549394970767,4.201934210795087,0
geometry_only,1,3,792,198,mlp,0.8482010989486416,0.41903122470204207,0.6473262119689285,0.44441923449165893,3.0602099952697754,1
geometry_only,1,3,792,198,pinn,0.8481161304008135,0.4192657749814642,0.6475073551562671,0.45885587871797157,2.852171333312988,0
geometry_only,1,3,792,198,stack_ridge,0.8704292075154407,0.357671942842653,0.5980568056988007,0.4281323112966065,2.5446564164690395,0
geometry_only,1,3,792,198,stack_nnls,0.8681342309930988,0.3640070797649816,0.6033299924295009,0.43377345023868075,2.5210541656980654,0
geometry_only,1,4,792,198,prior_xgb,0.8189315538599891,0.41967232389637055,0.6478212129101443,0.4176945898677363,3.482185952186584,0
geometry_only,1,4,792,198,prior_gbr,0.8121148590545626,0.4354717534009104,0.6599028363334335,0.4501023665591271,3.259749548410169,0
geometry_only,1,4,792,198,prior_rf,0.7705071264160243,0.5319082900847901,0.72932043032181,0.48302855867717237,3.3627300000000027,0
geometry_only,1,4,792,198,rf,0.7687734552589393,0.5359265153409088,0.732070020790982,0.49002338383838373,3.4338399999999982,0
geometry_only,1,4,792,198,gbr,0.7554597874516902,0.5667843374924949,0.7528508069282352,0.5251229993878609,2.8128958574538743,0
geometry_only,1,4,792,198,svr,0.7403570579908885,0.6017887665087566,0.7757504537599424,0.5324938236075357,3.7061943391999446,0
geometry_only,1,4,792,198,mlp,0.8482537429798628,0.3517106689973669,0.5930519951887583,0.3703094956194512,3.405815963745118,0
geometry_only,1,4,792,198,pinn,0.8216087195298545,0.41346730937241966,0.6430142373014921,0.3776525686106297,4.103928213119508,0
geometry_only,1,4,792,198,stack_ridge,0.8447679897593533,0.35978979148262474,0.5998248006565123,0.3723214270093639,3.3812010445065397,0
geometry_only,1,4,792,198,stack_nnls,0.8454580279692344,0.35819045186663123,0.5984901434999839,0.37293767534974775,3.3762937787685594,0
geometry_only,2,0,792,198,prior_xgb,0.8910523945166668,0.3050322986036436,0.5522972918670194,0.399122629879701,2.446543643951416,0
geometry_only,2,0,792,198,prior_gbr,0.8782849920667779,0.34077856488650554,0.5837624216121705,0.4204207914977752,2.2809117256499216,0
geometry_only,2,0,792,198,prior_rf,0.8391439677322359,0.45036588963310553,0.6710930558671468,0.48744939548406324,2.4778857544757074,0
geometry_only,2,0,792,198,rf,0.8419363531024071,0.4425477487545453,0.6652426239760538,0.4818582828282828,2.163070000000003,0
geometry_only,2,0,792,198,gbr,0.8564150622240232,0.4020101535996365,0.6340427064477885,0.47471218559114764,2.59864743267359,0
geometry_only,2,0,792,198,svr,0.7678101259494706,0.6500868989264603,0.8062796654551448,0.5567588361256013,3.3449841531514988,0
geometry_only,2,0,792,198,mlp,0.8776407257329885,0.34258238645593697,0.5853053788031826,0.39950929204622904,2.4966272716522218,1
geometry_only,2,0,792,198,pinn,0.879642613214052,0.3369774873194609,0.5804976204253217,0.3934656231460547,2.6229054336547852,1
geometry_only,2,0,792,198,stack_ridge,0.9026440226575824,0.27257797378672,0.5220900054461108,0.3636752302717536,2.2693649546640873,1
geometry_only,2,0,792,198,stack_nnls,0.8984544832492198,0.2843078767079814,0.5332052857089673,0.3730148023771488,2.3356842092596417,0
geometry_only,2,1,792,198,prior_xgb,0.8675421955030911,0.33010367389705647,0.5745464941125796,0.414258726801535,2.3327660903930667,0
geometry_only,2,1,792,198,prior_gbr,0.8663701467766749,0.3330245858965103,0.5770828241219021,0.4206232689949474,2.07728972026578,0
geometry_only,2,1,792,198,prior_rf,0.8489653813057101,0.3763997350400718,0.6135142500709105,0.4433452315383909,2.6268679944916116,0
geometry_only,2,1,792,198,rf,0.8579958035084531,0.3538946394944442,0.5948904432703926,0.42711994949494947,2.516270000000003,0
geometry_only,2,1,792,198,gbr,0.8282343182898182,0.4280644904037093,0.6542663757245281,0.5109037401843988,2.1013129365342182,0
geometry_only,2,1,792,198,svr,0.7707280430918338,0.5713783010703567,0.7558956945705914,0.5249928977153625,3.9909693865207387,0
geometry_only,2,1,792,198,mlp,0.8439017436777931,0.3890190396601916,0.6237139085030825,0.4099367089566558,2.575135921478272,1
geometry_only,2,1,792,198,pinn,0.8550910141947017,0.3611337872970835,0.6009440800083511,0.38917940215721275,2.637689804077149,1
geometry_only,2,1,792,198,stack_ridge,0.8884950340791096,0.2778862223185269,0.5271491461802124,0.36779776321841096,2.155929356145659,0
geometry_only,2,1,792,198,stack_nnls,0.8854140370787439,0.2855645047190951,0.5343823581660374,0.37093897087142913,2.178323529721977,0
geometry_only,2,2,792,198,prior_xgb,0.8178296336172196,0.3876876473682201,0.6226456836501961,0.4304773987459413,2.9934255008697512,0
geometry_only,2,2,792,198,prior_gbr,0.7967287917376586,0.43259361044119693,0.6577184887481854,0.46394278667709393,3.446200408691843,0
geometry_only,2,2,792,198,prior_rf,0.7641703582161598,0.5018831592552001,0.7084371244190977,0.5091132165466469,3.3240317187499926,0
geometry_only,2,2,792,198,rf,0.7587813001228082,0.513351935957071,0.7164858239749555,0.5118159090909092,3.5506100000000007,0
geometry_only,2,2,792,198,gbr,0.7661692814675356,0.49762913118255947,0.7054283317124139,0.5149929626375677,3.304209806921424,0
geometry_only,2,2,792,198,svr,0.719213831706688,0.5975578309506049,0.7730186485141254,0.5279044952566116,4.182017318069582,0
geometry_only,2,2,792,198,mlp,0.8159003353313082,0.39179350238947463,0.6259341038715455,0.39520478156991673,3.7743801002502444,3
geometry_only,2,2,792,198,pinn,0.8169627569826016,0.38953249935873185,0.6241253875294065,0.38758916141529276,3.9936021690368655,0
geometry_only,2,2,792,198,stack_ridge,0.8294654547727036,0.362924760744343,0.6024323702660266,0.37576841987465087,3.9187684674930736,0
geometry_only,2,2,792,198,stack_nnls,0.8285590212760969,0.36485379605767587,0.6040312873168706,0.37641852845257884,3.926343702567671,0
geometry_only,2,3,792,198,prior_xgb,0.8501187386537352,0.421152431778406,0.6489625811850834,0.4322317611316237,3.733530406951905,0
geometry_only,2,3,792,198,prior_gbr,0.8605564940610733,0.3918233079598321,0.6259579122910998,0.44981739677236526,2.710266291841191,0
geometry_only,2,3,792,198,prior_rf,0.8318901727174308,0.472373010007807,0.6872939764087904,0.4810665029571947,3.3867300000000107,0
geometry_only,2,3,792,198,rf,0.8242303781929167,0.49389632160757574,0.7027775761985977,0.4966340909090908,3.177500000000002,0
geometry_only,2,3,792,198,gbr,0.8255790530188678,0.49010667053628265,0.7000761890939319,0.5317094040447566,2.708359146282079,0
geometry_only,2,3,792,198,svr,0.7717727670628987,0.6412973395483926,0.8008104267230745,0.5619996261716281,3.75512307628191,0
geometry_only,2,3,792,198,mlp,0.8547731657334647,0.40807392372772505,0.6388066403284527,0.4270351019664244,2.957489718437195,0
geometry_only,2,3,792,198,pinn,0.849345139236227,0.4233261743328757,0.6506352083409533,0.41665861419716266,3.030338038444519,0
geometry_only,2,3,792,198,stack_ridge,0.8797694655826463,0.33783664141246383,0.5812371645141627,0.39848563303462786,2.823507305665977,0
geometry_only,2,3,792,198,stack_nnls,0.874773101567886,0.3518759605105673,0.5931913354985618,0.40504869390615655,2.780981882716932,0
geometry_only,2,4,792,198,prior_xgb,0.6985737875051056,0.5146546020111291,0.7173943141753558,0.4451904201238143,3.3755816535949705,2
geometry_only,2,4,792,198,prior_gbr,0.6682798321884836,0.5663784497408054,0.7525811914609648,0.45906796163411084,3.5186480819544546,3
geometry_only,2,4,792,198,prior_rf,0.6623610536615305,0.5764841621205232,0.7592655412439862,0.4864301563898039,3.13890337499999,0
geometry_only,2,4,792,198,rf,0.6724094698096471,0.559327513497475,0.7478820184343751,0.4939957070707071,3.0997699999999986,0
geometry_only,2,4,792,198,gbr,0.6428157416971926,0.6098557944909498,0.780932644016723,0.4896830283822983,3.395944051603455,0
geometry_only,2,4,792,198,svr,0.6455510329879495,0.6051855627981674,0.7779367344444967,0.53648134753561,3.268656577691867,0
geometry_only,2,4,792,198,mlp,0.7174189292575024,0.4824784390684741,0.6946066794009932,0.4590842013943075,3.073285015106201,1
geometry_only,2,4,792,198,pinn,0.6950190769655165,0.5207239087342396,0.7216120209186094,0.47323775070363827,2.9620870666503905,0
geometry_only,2,4,792,198,stack_ridge,0.7123420316092938,0.4911467254691941,0.7008186109609206,0.4298670360722684,3.2470099266691967,0
geometry_only,2,4,792,198,stack_nnls,0.7170966600449253,0.48302868097333845,0.6950026481772127,0.42622521987407946,3.284778191504687,0
geometry_only,3,0,792,198,prior_xgb,0.8086645821226691,0.39544795162784485,0.6288465247004589,0.4433354038639051,2.807365406036377,1
geometry_only,3,0,792,198,prior_gbr,0.7909158550065862,0.43213064142945995,0.6573664437963501,0.4763123946833764,2.508618016949595,2
geometry_only,3,0,792,198,prior_rf,0.7618029913188874,0.4923004857742333,0.7016412799816109,0.5081043433059852,2.373731416666658,0
geometry_only,3,0,792,198,rf,0.7642378385069017,0.4872681956540403,0.6980459839108311,0.498295707070707,2.410589999999999,0
geometry_only,3,0,792,198,gbr,0.7645849736044066,0.4865507442549772,0.6975318947940496,0.5221858262394667,2.3742022319552785,0
geometry_only,3,0,792,198,svr,0.6913561505505776,0.6378985103822096,0.7986854890269446,0.5841510146396343,2.4912071103734688,0
geometry_only,3,0,792,198,mlp,0.7802137822733204,0.4542494565839836,0.6739803087509186,0.46963434933893605,3.4750593795776368,4
geometry_only,3,0,792,198,pinn,0.7236072256445623,0.571242677786236,0.7558059789299342,0.5445150543758364,3.830242622375488,0
geometry_only,3,0,792,198,stack_ridge,0.7961808835709394,0.4212489929394225,0.6490369734764133,0.4564269240600592,3.020197317330779,0
geometry_only,3,0,792,198,stack_nnls,0.797147580539501,0.4192510443091924,0.6474959801490604,0.4555783606497439,2.9557790241705133,0
geometry_only,3,1,792,198,prior_xgb,0.8564055665145849,0.4009350387928762,0.6331943136138196,0.42167280093708415,2.7792580337524413,0
geometry_only,3,1,792,198,prior_gbr,0.848900985869669,0.4218888408237829,0.649529707422057,0.4470558705492447,2.653046630770648,0
geometry_only,3,1,792,198,prior_rf,0.8250029629530022,0.488615346250193,0.6990102619062134,0.5054624302605147,2.797032291666663,0
geometry_only,3,1,792,198,rf,0.8179388281443565,0.5083393640606059,0.7129792171309104,0.5135972727272726,3.027300000000003,0
geometry_only,3,1,792,198,gbr,0.8337211537289235,0.46427298093627084,0.6813758000811819,0.4908113723946859,2.9228425937159743,0
geometry_only,3,1,792,198,svr,0.7666806874512269,0.6514590110303334,0.8071301078700592,0.539095582526798,4.158710878389234,0
geometry_only,3,1,792,198,mlp,0.8442432180575566,0.43489395719987956,0.6594649021743914,0.4163453703215627,3.872296226501465,1
geometry_only,3,1,792,198,pinn,0.8538892911720982,0.4079608191630875,0.6387181061807216,0.4043332351271552,3.836449993133545,0
geometry_only,3,1,792,198,stack_ridge,0.8709165560960099,0.3604183973776459,0.6003485632344313,0.39543007200034,3.431078767871038,0
geometry_only,3,1,792,198,stack_nnls,0.8729227509067063,0.35481683069620285,0.5956650322926492,0.3921233390381438,3.5673862544232744,0
geometry_only,3,2,792,198,prior_xgb,0.8991213674418974,0.2739064423193928,0.5233607191215184,0.35057695752442486,3.2592819118499756,0
geometry_only,3,2,792,198,prior_gbr,0.8875280510543613,0.3053847045228797,0.5526162362099757,0.3786876670079276,3.2988365731153633,0
geometry_only,3,2,792,198,prior_rf,0.8622344415505374,0.37406210841827886,0.6116061710106258,0.4291139428234381,2.9114492900703186,0
geometry_only,3,2,792,198,rf,0.860067235807907,0.379946522190404,0.6163980225393362,0.4314413636363636,2.92023,0
geometry_only,3,2,792,198,gbr,0.8507439876209268,0.4052610776814851,0.6366011920201572,0.4594435643690115,3.2392054879813497,0
geometry_only,3,2,792,198,svr,0.7946011719675464,0.5577004843968153,0.7467934683678047,0.5001133442980079,3.3229955323965923,0
geometry_only,3,2,792,198,mlp,0.8553751230546585,0.39268658298041853,0.6266470960440322,0.38549882290459636,3.4124982738494873,0
geometry_only,3,2,792,198,pinn,0.847595475566526,0.4138099419310468,0.6432806090121532,0.41040754300325805,3.302826681137085,1
geometry_only,3,2,792,198,stack_ridge,0.870008408267952,0.3529541739401823,0.5940994646859921,0.365407296876794,3.4034138223316885,0
geometry_only,3,2,792,198,stack_nnls,0.8673129842518261,0.3602728100485182,0.6002272986532003,0.3695047933221345,3.4331410968540985,0
geometry_only,3,3,792,198,prior_xgb,0.8285425719482435,0.3942547932135919,0.6278971199277729,0.4213833936206018,3.5799197006225594,0
geometry_only,3,3,792,198,prior_gbr,0.8269536448095207,0.3979084240164495,0.6307998288018549,0.4474583222091669,3.100546021554835,0
geometry_only,3,3,792,198,prior_rf,0.7782454447035074,0.5099096454205505,0.714079579193069,0.49074876398247536,3.39759100000001,0
geometry_only,3,3,792,198,rf,0.781722735030887,0.501913850811111,0.7084587855416227,0.4807832323232323,3.6514099999999967,0
geometry_only,3,3,792,198,gbr,0.7945052746061203,0.4725212630752391,0.6874018206807712,0.5260711674608277,2.585899916831778,0
geometry_only,3,3,792,198,svr,0.747118154227501,0.581484750735981,0.7625514741550115,0.5277387820715472,4.099822566954057,0
geometry_only,3,3,792,198,mlp,0.8380208741454558,0.37246007650029883,0.6102950733049537,0.3844077543995597,2.6466816101074215,1
geometry_only,3,3,792,198,pinn,0.8443124700855003,0.35799297592314033,0.5983251423123889,0.394176940435412,3.0429042625427254,1
geometry_only,3,3,792,198,stack_ridge,0.8690500646698271,0.30111054540807713,0.5487354056447216,0.3689360953162798,2.5302981697676783,1
geometry_only,3,3,792,198,stack_nnls,0.8676280495257992,0.30438037333519435,0.5517067820275499,0.3696783664992874,2.4709542640156243,1
geometry_only,3,4,792,198,prior_xgb,0.7915681533141253,0.42923923076522374,0.6551635145253616,0.43806626138301813,3.170584114074707,0
geometry_only,3,4,792,198,prior_gbr,0.7743647005819014,0.46466758269272285,0.681665301077239,0.4756247423533551,3.320873910996686,0
geometry_only,3,4,792,198,prior_rf,0.7774746790117182,0.4582629724081781,0.6769512334047247,0.4793910078919062,3.283490416666666,0
geometry_only,3,4,792,198,rf,0.7651650143676896,0.48361318192171693,0.6954230237213296,0.4849385353535353,3.4259499999999967,0
geometry_only,3,4,792,198,gbr,0.7264238002469239,0.5633958505134798,0.7505969960727793,0.5408316681842007,3.6641499430345137,0
geometry_only,3,4,792,198,svr,0.7013431686584923,0.6150462637363165,0.7842488531941354,0.5540147430275956,3.0929235596385043,0
geometry_only,3,4,792,198,mlp,0.7536890945742062,0.5072463985476867,0.7122123268714792,0.44711147844911825,3.8458101048469544,0
geometry_only,3,4,792,198,pinn,0.752587290950768,0.5095154248375687,0.713803491752155,0.4422167984090671,3.7981853380203248,0
geometry_only,3,4,792,198,stack_ridge,0.7868247449180278,0.43900768507544596,0.6625765503513129,0.44743913096895394,3.2619932506151663,0
geometry_only,3,4,792,198,stack_nnls,0.7818896196620768,0.4491709561987258,0.6702021756147363,0.4531075645639679,3.231378091300085,0
geometry_only,4,0,792,198,prior_xgb,0.8270848529096104,0.42022874940574556,0.6482505298152448,0.45031968477699486,3.076031200408935,0
geometry_only,4,0,792,198,prior_gbr,0.8253143259288584,0.42453159014254693,0.6515608875174652,0.4564173909812848,2.7591040558815263,0
geometry_only,4,0,792,198,prior_rf,0.7922187363310733,0.50496247466334,0.7106071169523565,0.5186289932154926,2.696360333239228,0
geometry_only,4,0,792,198,rf,0.8010513929830212,0.48349682332373733,0.695339358388217,0.5081034848484849,2.7577300000000005,0
geometry_only,4,0,792,198,gbr,0.7888745960095735,0.5130896048123638,0.7163027326573338,0.5350808586931928,2.6484087686850692,0
geometry_only,4,0,792,198,svr,0.7236101361943876,0.6716992048981238,0.8195725745155971,0.6090742608323911,3.1192680782218645,0
geometry_only,4,0,792,198,mlp,0.8309343338483488,0.4108735102149204,0.6409941577073229,0.44436550750214643,3.3771470708847042,1
geometry_only,4,0,792,198,pinn,0.8400152443865536,0.38880453740862014,0.6235419291504142,0.41574148754218604,2.9843459053039547,1
geometry_only,4,0,792,198,stack_ridge,0.8483014276837945,0.36866695835358165,0.6071795108150321,0.4310155655910814,2.7344535401250543,0
geometry_only,4,0,792,198,stack_nnls,0.8472894324930604,0.37112636969239565,0.6092014196408243,0.43163221550495084,2.6838868794700876,0
geometry_only,4,1,792,198,prior_xgb,0.8418064422478991,0.4561279195586287,0.6753724302624654,0.43067051259074557,4.016337995529176,0
geometry_only,4,1,792,198,prior_gbr,0.8553947068440447,0.4169481517556647,0.645715224968147,0.4445429464010838,3.6540211887636076,1
geometry_only,4,1,792,198,prior_rf,0.7896468315528757,0.6065225060979347,0.7787955483295566,0.5073780930807594,3.3028475000000093,0
geometry_only,4,1,792,198,rf,0.791733436327196,0.600506087299495,0.7749232783311487,0.5145037878787879,3.409449999999998,0
geometry_only,4,1,792,198,gbr,0.8102170733172577,0.5472112312639192,0.7397372717822992,0.5203882751689858,3.087369886335563,0
geometry_only,4,1,792,198,svr,0.7031019637393203,0.8560619378245677,0.9252361524630173,0.597802901897728,4.617170608610683,0
geometry_only,4,1,792,198,mlp,0.8764792696048214,0.3561539077704122,0.5967863166749152,0.4092599603822737,2.6490440521240233,0
geometry_only,4,1,792,198,pinn,0.8826560447259344,0.3383440827332269,0.5816735190235386,0.39096583251158396,2.8973312530517576,1
geometry_only,4,1,792,198,stack_ridge,0.8744752251456465,0.36193227601028005,0.6016080750873279,0.40593456624274676,2.412032002015798,0
geometry_only,4,1,792,198,stack_nnls,0.8759447421290268,0.3576951393410629,0.5980761986077217,0.4036331039008404,2.433193786722634,0
geometry_only,4,2,792,198,prior_xgb,0.7782202688663648,0.4442205191782744,0.6664987015578308,0.43650473881249474,3.2425202255249026,0
geometry_only,4,2,792,198,prior_gbr,0.7616934906700611,0.4773233367945627,0.690885907219537,0.45652120186120904,3.2571617498603764,0
geometry_only,4,2,792,198,prior_rf,0.7466963892054765,0.5073622414533151,0.7122936483314414,0.48963520377407727,3.547605970588238,0
geometry_only,4,2,792,198,rf,0.7520381921375519,0.49666271332373724,0.7047430122560544,0.4834068181818181,3.434210000000002,0
geometry_only,4,2,792,198,gbr,0.7274325950379017,0.5459472492117887,0.7388824326046659,0.5127377984087097,3.559694785959463,0
geometry_only,4,2,792,198,svr,0.6667353462948173,0.6675226664580972,0.8170206034477326,0.5540298401869395,4.273475805100322,0
geometry_only,4,2,792,198,mlp,0.7119100874599933,0.5770385321706102,0.7596305234590104,0.4371498596042094,4.6290062789916995,1
geometry_only,4,2,792,198,pinn,0.7285693083239184,0.5436704344483742,0.7373401077171743,0.41558901927447073,4.630856884002686,0
geometry_only,4,2,792,198,stack_ridge,0.7606347442438562,0.47944398544321426,0.6924189378138168,0.4210927693089185,4.2224034268662844,0
geometry_only,4,2,792,198,stack_nnls,0.7562310633155,0.4882644733132764,0.6987592384457442,0.42439694441639897,4.2496901654737,0
geometry_only,4,3,792,198,prior_xgb,0.8646933164859472,0.3333403718809191,0.5773563647184632,0.4007686622564239,2.5787566051483157,0
geometry_only,4,3,792,198,prior_gbr,0.8579797576962871,0.34987983708300036,0.591506413391267,0.4192010377988878,2.35671595060822,0
geometry_only,4,3,792,198,prior_rf,0.8435480490890006,0.3854336692300304,0.6208330445699797,0.4525226004527629,2.218438389069555,0
geometry_only,4,3,792,198,rf,0.8393167048729228,0.395857972138889,0.6291724502383182,0.4552744949494951,2.6443800000000035,0
geometry_only,4,3,792,198,gbr,0.8431955258183689,0.3863021425018392,0.6215320928977354,0.466589753758634,1.981008189732888,0
geometry_only,4,3,792,198,svr,0.7951734406001547,0.5046089351110467,0.710358314592746,0.48848307118306783,2.7172537102938814,0
geometry_only,4,3,792,198,mlp,0.8692234160620687,0.3221800578584039,0.5676090713320251,0.393974383676895,2.4879773283004765,1
geometry_only,4,3,792,198,pinn,0.8706090273297552,0.3187664779578584,0.5645940824679784,0.3974535343815582,2.3220011005401613,1
geometry_only,4,3,792,198,stack_ridge,0.8862679083717458,0.2801893944449504,0.5293291928894064,0.38215690269009883,1.7847302521740422,0
geometry_only,4,3,792,198,stack_nnls,0.8834050628407412,0.2872422758633588,0.5359498818577711,0.3869719979711871,1.766496161901045,0
geometry_only,4,4,792,198,prior_xgb,0.8302476466857726,0.3590960163862541,0.5992462068184112,0.4257186573081546,3.0438306226730347,0
geometry_only,4,4,792,198,prior_gbr,0.8318693076101858,0.35566553682873014,0.5963770089706093,0.43494933131295926,3.133254028369614,0
geometry_only,4,4,792,198,prior_rf,0.8025876959675983,0.41760818380198567,0.6462261088829402,0.46405527754629405,2.3757893428362564,0
geometry_only,4,4,792,198,rf,0.8061774275282846,0.41001442572929314,0.6403236882462596,0.4613977777777778,2.4737099999999996,0
geometry_only,4,4,792,198,gbr,0.7962086027857185,0.4311025884747116,0.6565840300180257,0.49424044083419394,2.9046677519044506,0
geometry_only,4,4,792,198,svr,0.7234240826829434,0.5850717718951643,0.7648998443555629,0.5345920050015367,3.4672069475157157,0
geometry_only,4,4,792,198,mlp,0.7891891760728359,0.4459515618214637,0.667796048072661,0.4417686935121363,3.1854507818222046,0
geometry_only,4,4,792,198,pinn,0.7854694962630571,0.4538202138657239,0.673661794868704,0.46876947178021827,3.0028218612670896,0
geometry_only,4,4,792,198,stack_ridge,0.8370968099194713,0.3446072202972383,0.5870325547167196,0.3984086328320199,2.758463012180096,0
geometry_only,4,4,792,198,stack_nnls,0.8357218456923137,0.347515834917337,0.5895047369761646,0.39724551628624866,2.751559175923015,0
dft_free,0,0,792,198,prior_xgb,0.826296056530057,0.41199386418574935,0.6418674817949179,0.4226376001964314,3.0878183765411373,1
dft_free,0,0,792,198,prior_gbr,0.8312651948852348,0.40020798027472804,0.6326199335104199,0.4444696978308344,2.6959312519253693,1
dft_free,0,0,792,198,prior_rf,0.7994525234934926,0.4756617964341937,0.6896823880846847,0.47210503135115445,3.1224554136904787,0
dft_free,0,0,792,198,rf,0.797719522002452,0.47977215781500526,0.6926558725767112,0.4703224243626745,3.0536400000000032,0
dft_free,0,0,792,198,gbr,0.7897992522754159,0.4985575835517538,0.7060861020808679,0.5153426721280079,2.6761978475593446,0
dft_free,0,0,792,198,svr,0.7608960615467636,0.5671106457201767,0.7530674908135238,0.5303993477745651,3.086411688398422,0
dft_free,0,0,792,198,mlp,0.7913861708307157,0.49479370407564305,0.7034157405657362,0.463824019460365,2.843394460678101,1
dft_free,0,0,792,198,pinn,0.7792241622852357,0.5236397555631237,0.7236295706804163,0.4802777358582525,3.123359195709228,2
dft_free,0,0,792,198,stack_ridge,0.837809507521404,0.3846860721501638,0.6202306604402622,0.42588235035520966,2.619685402253192,1
dft_free,0,0,792,198,stack_nnls,0.838195406432467,0.3837707907790104,0.6194923653920283,0.42494194701916627,2.5871160150462624,0
dft_free,0,1,792,198,prior_xgb,0.8469399651053522,0.39548872045471467,0.6288789394269096,0.4378955736581725,2.892005226135254,0
dft_free,0,1,792,198,prior_gbr,0.8467998117392256,0.3958508598954576,0.6291667981509018,0.45620021808105876,2.6181461041471557,0
dft_free,0,1,792,198,prior_rf,0.8199299145294706,0.4652794424353097,0.6821139512099937,0.5002650196494752,2.669666777827054,0
dft_free,0,1,792,198,rf,0.8109983179680258,0.4883576136779524,0.698825882232443,0.5072752373737375,2.6531900000000004,0
dft_free,0,1,792,198,gbr,0.7913796322185698,0.5390499379636225,0.7342002029171761,0.553270214304323,2.8344977303098577,0
dft_free,0,1,792,198,svr,0.7184959688789725,0.7273725577517972,0.8528613942205364,0.5877047231503795,4.217463744732264,0
dft_free,0,1,792,198,mlp,0.8292375534999394,0.44122962283727524,0.6642511745095189,0.4150062982283457,3.1536400947570797,0
dft_free,0,1,792,198,pinn,0.8446941054192144,0.401291751756797,0.6334759283167727,0.4155955118579093,2.930261043548584,1
dft_free,0,1,792,198,stack_ridge,0.8546688661982849,0.37551816964523055,0.6127953733875857,0.4196317819399186,2.7139928405352247,0
dft_free,0,1,792,198,stack_nnls,0.8505710125310841,0.3861065306407533,0.6213747103324638,0.42592206204908034,2.674141965946145,0
dft_free,0,2,792,198,prior_xgb,0.8276287286676036,0.4001584265175436,0.6325807667938882,0.4131077896314439,3.7212914352416995,0
dft_free,0,2,792,198,prior_gbr,0.8291792701060348,0.39655885788028283,0.6297291940828874,0.43354294855127606,3.6132284065881635,0
dft_free,0,2,792,198,prior_rf,0.8115799651951336,0.437415493133428,0.6613739434944712,0.4607532886763285,3.7035109469696943,0
dft_free,0,2,792,198,rf,0.8260209433409313,0.40389088634989306,0.6355241036734115,0.44404555387205363,3.311399999999999,0
dft_free,0,2,792,198,gbr,0.8057102168779684,0.45104206345744374,0.6715966523572342,0.4927523219565127,3.179367925978303,0
dft_free,0,2,792,198,svr,0.7399262607419738,0.6037589528439364,0.7770192744352848,0.5212280055777437,4.07078783788848,0
dft_free,0,2,792,198,mlp,0.8032013136833794,0.45686646068368175,0.6759189749398087,0.4532042929897405,3.9892829780578616,1
dft_free,0,2,792,198,pinn,0.7724694870683804,0.5282101323246108,0.7267806631471497,0.4825246185106461,4.610107791900635,0
dft_free,0,2,792,198,stack_ridge,0.8200718131453476,0.41770174102312974,0.6462984922024263,0.4296568617309238,4.055271639740518,0
dft_free,0,2,792,198,stack_nnls,0.8157547668814282,0.42772372686114196,0.6540059073595146,0.43271187285782503,4.0406390451717025,0
dft_free,0,3,792,198,prior_xgb,0.8317647848366313,0.47337137348696867,0.688019893234904,0.46080873248071386,3.182460670471192,0
dft_free,0,3,792,198,prior_gbr,0.817678828177663,0.5130056952552068,0.7162441589676015,0.4827078318083957,3.438198200848105,0
dft_free,0,3,792,198,prior_rf,0.811062254757375,0.5316230605000375,0.7291248593348313,0.5199632511340827,3.2249271874999934,0
dft_free,0,3,792,198,rf,0.8053586643348081,0.5476715223486215,0.7400483243333651,0.5314388257575758,3.3496099999999966,0
dft_free,0,3,792,198,gbr,0.8091302572727067,0.537059213103419,0.7328432391060308,0.5244838106309543,3.6241739019274597,0
dft_free,0,3,792,198,svr,0.7511729054460687,0.7001365522395883,0.8367416281263819,0.6019269911345907,3.2433019158204734,0
dft_free,0,3,792,198,mlp,0.8621727429016348,0.3878110651996285,0.622744783358021,0.42152492744934683,3.0251201705932615,1
dft_free,0,3,792,198,pinn,0.8373134612232288,0.45775880058059026,0.6765787467697979,0.45691180519383356,3.302417793273926,1
dft_free,0,3,792,198,stack_ridge,0.8623489438803578,0.38731528018085654,0.6223465916841326,0.41426994807273226,3.3813819541493775,1
dft_free,0,3,792,198,stack_nnls,0.8619738787006308,0.3883706187976977,0.6231938853981943,0.414548097892858,3.30068365266923,0
dft_free,0,4,792,198,prior_xgb,0.7587984067654052,0.44293220125022204,0.665531517848871,0.4745669445726607,2.510796964645386,0
dft_free,0,4,792,198,prior_gbr,0.7502307093436813,0.4586655512159456,0.6772485151079666,0.49731193380324634,2.6579784671473714,0
dft_free,0,4,792,198,prior_rf,0.6819865479341474,0.5839861854217104,0.7641898883273126,0.5692584157729507,2.4616424999999884,0
dft_free,0,4,792,198,rf,0.6807263342980083,0.5863003873820501,0.7657025449755605,0.5704021144781144,2.6168199999999997,0
dft_free,0,4,792,198,gbr,0.6857318722370973,0.5771084334315396,0.7596765321053031,0.5829193084606358,2.517857282519718,0
dft_free,0,4,792,198,svr,0.6234667759089626,0.6914493704371011,0.8315343471180857,0.6225695357687077,2.4338768497645624,0
dft_free,0,4,792,198,mlp,0.7762832805246476,0.41082373331306776,0.6409553286408248,0.43973910471405653,3.1031610374450684,0
dft_free,0,4,792,198,pinn,0.7690630837984871,0.4240825911277732,0.6512162399140344,0.4481723720304894,3.461293399810791,0
dft_free,0,4,792,198,stack_ridge,0.7877724258047233,0.38972556252097856,0.6242800353374907,0.4545710451322497,2.899563146359257,0
dft_free,0,4,792,198,stack_nnls,0.79273813818023,0.38060674251749943,0.6169333371746898,0.4433556115347888,3.017278360236422,0
dft_free,1,0,792,198,prior_xgb,0.8706786312073719,0.26358197578463527,0.5134023527260421,0.3738643561163635,1.9145589561462404,1
dft_free,1,0,792,198,prior_gbr,0.8546373309103946,0.2962772500916372,0.5443135586145519,0.3992244852524499,2.126949590578578,0
dft_free,1,0,792,198,prior_rf,0.840222186144975,0.32565810473278795,0.5706646166819772,0.4334410209092024,2.1630730900941715,0
dft_free,1,0,792,198,rf,0.8450362303737389,0.31584615098393043,0.5620019136835127,0.4272764442039442,2.301189999999997,0
dft_free,1,0,792,198,gbr,0.8385081820448816,0.32915157678171125,0.5737173317773407,0.4514327931274093,1.8269662178177817,0
dft_free,1,0,792,198,svr,0.7601300493996629,0.4889013787967566,0.6992148302179786,0.5156319939110321,3.1840250142106363,0
dft_free,1,0,792,198,mlp,0.8642782361302379,0.276627219552032,0.525953628708874,0.37888214584613084,2.631395799160004,1
dft_free,1,0,792,198,pinn,0.852837304549116,0.29994605215582704,0.5476733078723365,0.3880836097315104,2.244081539154053,3
dft_free,1,0,792,198,stack_ridge,0.8839988477270866,0.23643279679801704,0.4862435570760985,0.36731434335857627,1.7323363915367245,0
dft_free,1,0,792,198,stack_nnls,0.8822619338789603,0.23997296334691073,0.4898703536109434,0.3679917360569147,1.672588254552021,0
dft_free,1,1,792,198,prior_xgb,0.8204011628252521,0.4257661661035557,0.6525075985025429,0.4472162479168237,2.763026258468628,0
dft_free,1,1,792,198,prior_gbr,0.8232531001717174,0.4190052179310984,0.6473061238170843,0.4533439714849538,2.9222573682399258,0
dft_free,1,1,792,198,prior_rf,0.7890626936657362,0.5000587399057964,0.7071483153524417,0.5007991203696672,2.601756954230489,0
dft_free,1,1,792,198,rf,0.7883528050253018,0.5017416381336071,0.7083372347502332,0.5121624705387207,2.6365000000000003,0
dft_free,1,1,792,198,gbr,0.7722052028107451,0.5400219677549378,0.7348618698469378,0.5331657281513306,3.017184676777016,0
dft_free,1,1,792,198,svr,0.7318225269854364,0.6357551992925969,0.7973425859018173,0.568280800445727,3.15031444536242,0
dft_free,1,1,792,198,mlp,0.8257857974888392,0.41300107645905487,0.6426515980366461,0.441505942645097,3.2298345947265625,1
dft_free,1,1,792,198,pinn,0.7937308680552608,0.4889921275390535,0.699279720526095,0.4851857683152863,3.490014591217041,0
dft_free,1,1,792,198,stack_ridge,0.8344726103942957,0.39240767460525294,0.6264245162868811,0.43083409885398055,3.2473802750247693,0
dft_free,1,1,792,198,stack_nnls,0.827481578282172,0.4089809719957567,0.6395162015115463,0.43861255566317403,3.3336567049775345,0
dft_free,1,2,792,198,prior_xgb,0.8220237612360702,0.429969369414169,0.6557204964115191,0.43866722786667367,3.4064983253479006,0
dft_free,1,2,792,198,prior_gbr,0.8180338981805169,0.43960840277030516,0.6630297148471591,0.4587672070146666,3.68382692079013,0
dft_free,1,2,792,198,prior_rf,0.7995041981046527,0.4843739485104916,0.6959697899409798,0.5099263250470774,3.3380798650793597,0
dft_free,1,2,792,198,rf,0.7975091406118034,0.4891937695051537,0.699423883996789,0.5030835429292928,3.55898,0
dft_free,1,2,792,198,gbr,0.7846795714061757,0.5201884787961849,0.721240929784344,0.5464558303128849,3.891177046857017,0
dft_free,1,2,792,198,svr,0.6801718198802047,0.7726667440668485,0.8790146438295829,0.6110495681106708,4.003819062117946,0
dft_free,1,2,792,198,mlp,0.762660157059593,0.5733847580704512,0.7572217363959194,0.43129866029216785,5.211660278320313,1
dft_free,1,2,792,198,pinn,0.7279074374587093,0.6573431844086967,0.8107670346090156,0.4473053441366764,6.01237858581543,0
dft_free,1,2,792,198,stack_ridge,0.807619220954414,0.4647690210115933,0.6817397018009097,0.43214481990168124,4.954184774536449,0
dft_free,1,2,792,198,stack_nnls,0.802003981265734,0.4783347704892727,0.6916175030240868,0.4359310288580088,5.013622219331853,0
dft_free,1,3,792,198,prior_xgb,0.8449380050262327,0.42803878821636643,0.6542467334395843,0.48068181635153406,2.4001953659057618,0
dft_free,1,3,792,198,prior_gbr,0.8416495563903634,0.43711634180676995,0.6611477458229514,0.49368265238118003,2.3200323453862977,0
dft_free,1,3,792,198,prior_rf,0.8119957235184792,0.5189738639584702,0.7203984064102795,0.5432541489948196,2.6172356261851815,0
dft_free,1,3,792,198,rf,0.8138159897879573,0.5139491345375032,0.7169024581751016,0.5393236877104377,2.7103300000000017,0
dft_free,1,3,792,198,gbr,0.8088879157862754,0.5275527698078825,0.7263282796421205,0.5530097424222253,2.4857354670491,0
dft_free,1,3,792,198,svr,0.741197311077611,0.7144083846736108,0.8452268243930802,0.6108978206773721,4.279456973249053,0
dft_free,1,3,792,198,mlp,0.84749885228824,0.4209697320042224,0.6488218029661321,0.4463742618994279,3.033799654006958,0
dft_free,1,3,792,198,pinn,0.8440950709163728,0.4303656542868805,0.6560226019634389,0.45382757895944087,2.9579605178833006,0
dft_free,1,3,792,198,stack_ridge,0.8668559885993254,0.3675355867042228,0.60624713335753,0.4245010807139774,2.7575691183851885,0
dft_free,1,3,792,198,stack_nnls,0.8644362352971984,0.37421516200183363,0.6117312825104121,0.4286203942546321,2.729295934893185,0
dft_free,1,4,792,198,prior_xgb,0.7936906273697498,0.4781746113090831,0.691501707379731,0.44469140363281423,3.5197209167480477,0
dft_free,1,4,792,198,prior_gbr,0.7995316846339735,0.46463647074210074,0.6816424801478417,0.45916273171911587,3.0630623892343802,0
dft_free,1,4,792,198,prior_rf,0.7634293767559601,0.5483127808236073,0.7404814520456319,0.4950879447558121,3.135240000000006,0
dft_free,1,4,792,198,rf,0.7692106503669678,0.534913204126869,0.7313776070723447,0.4992574318181817,3.036559999999999,0
dft_free,1,4,792,198,gbr,0.7539441153239802,0.57029729437516,0.7551803058708297,0.5388053063368838,2.7008148392412727,0
dft_free,1,4,792,198,svr,0.7243243396448972,0.6389486820549218,0.7993426562212991,0.5519248466130169,3.7545317020851385,0
dft_free,1,4,792,198,mlp,0.8305098478491827,0.3928366733521395,0.6267668412991705,0.4039912178823443,2.9824145584106443,0
dft_free,1,4,792,198,pinn,0.8213317829016569,0.414109180669188,0.6435131550086509,0.41743945251450404,3.6544121427536007,0
dft_free,1,4,792,198,stack_ridge,0.8324069582738922,0.38843963589145325,0.6232492566312882,0.40683535642367613,3.057733994443719,0
dft_free,1,4,792,198,stack_nnls,0.8319460472713066,0.3895079147422859,0.6241056919643386,0.41124091720401407,3.020380662064828,0
dft_free,2,0,792,198,prior_xgb,0.8683128817607358,0.3686985518847184,0.6072055268891402,0.43896986172777236,2.3837584953308104,0
dft_free,2,0,792,198,prior_gbr,0.8629488081207501,0.3837169242943293,0.6194488875559704,0.4479266328313614,2.5157987809142774,0
dft_free,2,0,792,198,prior_rf,0.8305567271163116,0.4744085083957426,0.6887731908224526,0.51163544298457,2.3181625000000077,0
dft_free,2,0,792,198,rf,0.8328567651797889,0.46796884508909303,0.6840824841267996,0.5038847382154881,2.5094600000000042,0
dft_free,2,0,792,198,gbr,0.8563485895272734,0.4021962643396935,0.6341894546109179,0.4796023521914061,2.372447249731067,0
dft_free,2,0,792,198,svr,0.7541405460343691,0.688359088241236,0.8296740855548256,0.5747382895899235,3.462326388476294,0
dft_free,2,0,792,198,mlp,0.8601542851721198,0.39154104998061384,0.6257324108439756,0.4439136208470421,3.312471092224121,2
dft_free,2,0,792,198,pinn,0.8765474978547825,0.3456432138243526,0.5879142912230937,0.40490330114990775,3.1581894760131837,1
dft_free,2,0,792,198,stack_ridge,0.894946023944128,0.2941308866001372,0.5423383506632526,0.3944589191511427,2.2823730905319666,0
dft_free,2,0,792,198,stack_nnls,0.890987294784422,0.3052145653076896,0.5524622750086106,0.4039474725791383,2.299254191832576,0
dft_free,2,1,792,198,prior_xgb,0.8655067406391906,0.3351763166996242,0.5789441395330159,0.4120287952796377,2.572587762832642,0
dft_free,2,1,792,198,prior_gbr,0.8586205600118423,0.3523376574967192,0.593580371556135,0.4411151422285951,2.3816118312412176,0
dft_free,2,1,792,198,prior_rf,0.8379452045822746,0.40386358163799546,0.6355026212676038,0.45914414983200363,2.745700636411476,0
dft_free,2,1,792,198,rf,0.83653605218722,0.40737538967720544,0.6382596569400305,0.4502540723905723,2.8457100000000044,0
dft_free,2,1,792,198,gbr,0.8278821628580227,0.4289421117885723,0.654936723499738,0.517887231081235,1.9818374999134898,0
dft_free,2,1,792,198,svr,0.7545163248087274,0.6117802070642189,0.7821637981038364,0.5548657977651935,4.06641969764992,0
dft_free,2,1,792,198,mlp,0.8309838289279017,0.42121231912925955,0.6490087203799804,0.4413177080106254,2.41591427230835,2
dft_free,2,1,792,198,pinn,0.8535193666690631,0.3650505562957469,0.6041941379190524,0.41123511942047064,2.2134365463256835,2
dft_free,2,1,792,198,stack_ridge,0.8767094583693376,0.3072575519699893,0.5543081741865162,0.39720738320609567,2.088666006005301,0
dft_free,2,1,792,198,stack_nnls,0.8755118715797063,0.3102421084524807,0.55699381365728,0.3958101133875605,2.1084146813727274,0
dft_free,2,2,792,198,prior_xgb,0.812447936747432,0.3991407582101496,0.6317758765655346,0.44524655135593033,3.018811357498169,0
dft_free,2,2,792,198,prior_gbr,0.8020752808055562,0.42121542742729345,0.6490111150260013,0.4746533681011068,2.97665782451885,0
dft_free,2,2,792,198,prior_rf,0.7516559250698693,0.5285158725826669,0.7269909714588393,0.5226924837661788,3.3190796874999915,0
dft_free,2,2,792,198,rf,0.753307936756973,0.5250001277493263,0.7245689254648768,0.5281977631072632,3.429310000000001,0
dft_free,2,2,792,198,gbr,0.7517022731582149,0.5284172364450366,0.7269231296671173,0.5449375984360105,3.467920211701225,0
dft_free,2,2,792,198,svr,0.7066208658958282,0.6243576743364507,0.7901630681931742,0.5415385864774899,4.1701487478379065,0
dft_free,2,2,792,198,mlp,0.792375481085652,0.4418581510931773,0.6647241165274337,0.44274940443370076,4.322162044525147,0
dft_free,2,2,792,198,pinn,0.8192993786643759,0.3845597950677762,0.6201288536004241,0.405159131589863,3.7826088790893557,2
dft_free,2,2,792,198,stack_ridge,0.8144918644604988,0.39479095345208814,0.6283239239851434,0.4189315715483209,3.98643308302755,0
dft_free,2,2,792,198,stack_nnls,0.8108147541279642,0.40261643177899814,0.6345206314841135,0.4205762571979172,4.062005333746877,0
dft_free,2,3,792,198,prior_xgb,0.8459840404223983,0.4327705500085061,0.6578529851026794,0.45851664476683646,3.404104595184327,0
dft_free,2,3,792,198,prior_gbr,0.8513563399667491,0.41767488696815924,0.6462777165957057,0.46465264014994656,2.765256366389086,0
dft_free,2,3,792,198,prior_rf,0.8242979163741321,0.4937065455875365,0.7026425446751261,0.49806693719601314,3.32377125000001,0
dft_free,2,3,792,198,rf,0.8156865296731478,0.5179037428724266,0.7196552944795352,0.5116235196007696,2.977800000000002,0
dft_free,2,3,792,198,gbr,0.8212037086458316,0.5024009820867779,0.7088024986459753,0.5335011675456818,2.2672550938964555,0
dft_free,2,3,792,198,svr,0.7575716977006013,0.6812010262538851,0.825349032987793,0.5823752049975979,3.83084819059541,0
dft_free,2,3,792,198,mlp,0.8677450759826875,0.37162406003429044,0.6096097604486747,0.4251061993855419,3.1633759632110596,0
dft_free,2,3,792,198,pinn,0.8793895571491201,0.33890414884598513,0.5821547464772447,0.42390726165578824,2.438160482406616,0
dft_free,2,3,792,198,stack_ridge,0.8847847009465462,0.32374429557499596,0.5689853210540637,0.4171951118093277,2.3792947241680635,0
dft_free,2,3,792,198,stack_nnls,0.8788895139539956,0.3403092238081876,0.5833602864509956,0.4272849330160791,2.3863358976925864,0
dft_free,2,4,792,198,prior_xgb,0.6837206294467478,0.540014858791259,0.7348570328922892,0.4561449952080394,3.5888675231933593,2
dft_free,2,4,792,198,prior_gbr,0.6767284464217718,0.5519533001833427,0.7429355962553839,0.4665105866584911,3.46458493239357,3
dft_free,2,4,792,198,prior_rf,0.6598316837499056,0.5808028040011736,0.7621041949767587,0.49181598916317704,3.199697416666658,0
dft_free,2,4,792,198,rf,0.6728642561790501,0.5585510120246671,0.7473627044646174,0.49604412518037505,3.0902700000000003,0
dft_free,2,4,792,198,gbr,0.618421686022389,0.6515061636172447,0.807159317370025,0.5084861924409119,3.758411601906502,3
dft_free,2,4,792,198,svr,0.6265870066903751,0.6375647090108478,0.7984764924597642,0.5536448165264161,3.272732043315928,0
dft_free,2,4,792,198,mlp,0.6708568496830773,0.561978454458118,0.7496522223392111,0.4646360052107561,3.2973449783325197,1
dft_free,2,4,792,198,pinn,0.7139723123827824,0.48836318685222535,0.6988298697481565,0.4590013158881303,2.851807529449463,1
dft_free,2,4,792,198,stack_ridge,0.6986593175309285,0.5145085681906608,0.7172925262336565,0.43276587031471697,3.3300772037813324,2
dft_free,2,4,792,198,stack_nnls,0.7077240224905031,0.4990315063760809,0.7064216208299976,0.4289669338010017,3.318350758687477,1
dft_free,3,0,792,198,prior_xgb,0.7943266942613062,0.4250811917688875,0.651982508790602,0.46042370786931774,2.8074002151489257,1
dft_free,3,0,792,198,prior_gbr,0.7802976454975113,0.45407612986491,0.6738517120738879,0.4876309956603832,2.57146505027315,2
dft_free,3,0,792,198,prior_rf,0.7472255860375401,0.5224287553989063,0.7227923321389805,0.5255856832482058,2.4756991396103984,0
dft_free,3,0,792,198,rf,0.7627260208636794,0.49039278804200287,0.7002805066842878,0.5075928190235691,2.3559199999999985,0
dft_free,3,0,792,198,gbr,0.753017942358389,0.5104572371740536,0.7144629011880558,0.5358583533696935,2.4002021188144127,1
dft_free,3,0,792,198,svr,0.6670987064094049,0.6880332773990702,0.8294777136241035,0.6116140287549449,2.499913678228248,0
dft_free,3,0,792,198,mlp,0.7510719742585834,0.514479122445157,0.717272000321466,0.5122431546744673,3.0719776039123534,2
dft_free,3,0,792,198,pinn,0.771670099123737,0.4719073582853098,0.6869551355694997,0.4778191666277972,3.19667338180542,0
dft_free,3,0,792,198,stack_ridge,0.7877763551801987,0.4386192925597849,0.6622833929367283,0.4708289328747955,2.925682586891587,0
dft_free,3,0,792,198,stack_nnls,0.7832280185660581,0.4480196974473368,0.6693427354108931,0.47842312458461117,2.9273796801105876,0
dft_free,3,1,792,198,prior_xgb,0.8494124723161658,0.4204607016314024,0.6484294114484648,0.435739900730475,2.70606435585022,0
dft_free,3,1,792,198,prior_gbr,0.8405937134015782,0.4450838667618551,0.6671460610405003,0.46392581106756453,2.7569968179037936,0
dft_free,3,1,792,198,prior_rf,0.817174331675902,0.5104739413822815,0.7144745911383283,0.5183551443971505,2.912337565025245,0
dft_free,3,1,792,198,rf,0.8082761306826538,0.5353189195184094,0.7316549183313192,0.5276676059403558,3.0945100000000005,0
dft_free,3,1,792,198,gbr,0.8220043175304996,0.4969879689878236,0.7049737363815929,0.5151286555374034,3.1146395886003084,0
dft_free,3,1,792,198,svr,0.7519560403508493,0.6925722130751811,0.8322092363553658,0.5639996728469395,4.241854812620671,0
dft_free,3,1,792,198,mlp,0.8398498669579234,0.4471607864272191,0.668700819819461,0.4360206035465905,4.19133366394043,0
dft_free,3,1,792,198,pinn,0.8489661134171806,0.4217069959210647,0.6493897103597074,0.41402052179520776,4.752663028717041,0
dft_free,3,1,792,198,stack_ridge,0.8565338458871918,0.4005768654710829,0.6329114199246866,0.428834313578088,3.7379269245028075,0
dft_free,3,1,792,198,stack_nnls,0.861226989048833,0.38747297634459915,0.6224732735986335,0.42272842770044755,3.8541795489885633,0
dft_free,3,2,792,198,prior_xgb,0.903116410323912,0.2630590710279972,0.512892845561329,0.35808192422775303,2.6043022060394287,0
dft_free,3,2,792,198,prior_gbr,0.8879984884213828,0.3041073693502328,0.5514593088798418,0.39752053651851393,2.8598577206894786,0
dft_free,3,2,792,198,prior_rf,0.863592923347589,0.370373548149862,0.6085832302568499,0.43749182263488295,2.6094486066307163,0
dft_free,3,2,792,198,rf,0.8651416484660046,0.3661684377458167,0.6051185319801541,0.43939295670995665,2.6170600000000004,0
dft_free,3,2,792,198,gbr,0.8492767474019988,0.40924493965704317,0.6397225489671622,0.48474129068429056,2.994378003941429,0
dft_free,3,2,792,198,svr,0.7838218232636031,0.5869686552586352,0.7661387963408688,0.5185538215888805,3.376693832942843,0
dft_free,3,2,792,198,mlp,0.8534713623630238,0.39785568871520144,0.6307580270715557,0.41769368441297544,3.184503355026245,0
dft_free,3,2,792,198,pinn,0.8522699599035968,0.4011177459528021,0.6333385713445867,0.40992488249564407,3.329139986038208,0
dft_free,3,2,792,198,stack_ridge,0.8746614346180093,0.3403202408540203,0.5833697291204097,0.38216923218896176,3.2129461616254322,0
dft_free,3,2,792,198,stack_nnls,0.8708887724475016,0.35056380231983963,0.5920842864996838,0.38828019859308716,3.2617142199302855,0
dft_free,3,3,792,198,prior_xgb,0.8086180945145491,0.4400697854234297,0.6633775587276296,0.4355751666318286,4.0497545051574715,0
dft_free,3,3,792,198,prior_gbr,0.811846560715786,0.43264614511207816,0.6577584245846481,0.4656727153989034,3.3554285768843766,0
dft_free,3,3,792,198,prior_rf,0.7714380897070102,0.5255626991667282,0.7249570326348508,0.49736146690676764,3.244321250000012,0
dft_free,3,3,792,198,rf,0.7747999405300634,0.5178323499125815,0.7196056905782371,0.4882649755892255,3.1661299999999972,0
dft_free,3,3,792,198,gbr,0.7798470941449844,0.5062267605404651,0.711496142322968,0.5404100195113346,2.8414357652137694,0
dft_free,3,3,792,198,svr,0.7283071765249147,0.6247393254053267,0.7904045327585911,0.5503159994925447,4.219560312735475,0
dft_free,3,3,792,198,mlp,0.8403068269700035,0.36720368213827675,0.6059733345109145,0.39877841638194195,2.741000953674316,1
dft_free,3,3,792,198,pinn,0.8283207000191442,0.39476497275215694,0.628303249038358,0.4041180991030702,2.7920296936035154,1
dft_free,3,3,792,198,stack_ridge,0.8593414114878637,0.3234349386766034,0.5687134064505631,0.38675485617206357,2.291639795166981,1
dft_free,3,3,792,198,stack_nnls,0.8583654825438305,0.3256790214695919,0.5706829430336883,0.390027421739515,2.3379840204256856,1
dft_free,3,4,792,198,prior_xgb,0.7784284793340506,0.45629874034301493,0.6754988825623732,0.4645205452755244,3.100232936859131,0
dft_free,3,4,792,198,prior_gbr,0.7624215046583387,0.489263095867034,0.6994734418596849,0.48951860951822096,3.3545607152405106,0
dft_free,3,4,792,198,prior_rf,0.7659061821446504,0.48208683989908857,0.6943247366319946,0.4975536638491151,3.3188799999999947,0
dft_free,3,4,792,198,rf,0.7602660933327323,0.493701894995366,0.7026392353088219,0.4998266481481481,3.299929999999999,0
dft_free,3,4,792,198,gbr,0.727635266756637,0.5609009872716317,0.7489332328529905,0.5578336961232,3.194831872918532,0
dft_free,3,4,792,198,svr,0.6901824938092223,0.6380302729618418,0.7987679719179042,0.5772872288082554,2.9467385665323738,0
dft_free,3,4,792,198,mlp,0.753291542940879,0.508065106245153,0.7127868589172733,0.4807285171072892,3.1952706470489503,0
dft_free,3,4,792,198,pinn,0.763041936486825,0.4879853943783402,0.698559513841405,0.4725167269219052,3.2554377212524415,0
dft_free,3,4,792,198,stack_ridge,0.7840431359692238,0.4447360596230923,0.6668853421864154,0.47254615664907795,2.9748792702317504,0
dft_free,3,4,792,198,stack_nnls,0.7788455414647495,0.45543985322471225,0.6748628403051335,0.4803434969649419,2.932215291270067,0
dft_free,4,0,792,198,prior_xgb,0.8281683038098081,0.4175956821210466,0.6462164359725359,0.4679303531797245,2.8950414581298825,0
dft_free,4,0,792,198,prior_gbr,0.8197211138323881,0.43812454925579436,0.661909774256125,0.49527945051271316,2.6347297309962996,0
dft_free,4,0,792,198,prior_rf,0.785285029581993,0.5218131841872955,0.7223663780847608,0.5427449856958649,2.683780046474358,0
dft_free,4,0,792,198,rf,0.79387059301036,0.5009480336024229,0.7077768247141346,0.5276922171717173,2.6868099999999995,0
dft_free,4,0,792,198,gbr,0.7755580186405313,0.5454523488999722,0.7385474588000234,0.5716909985083909,2.587363821659024,0
dft_free,4,0,792,198,svr,0.7093403120578259,0.7063785863869684,0.8404633165028491,0.6294291143508822,3.0546459137867634,0
dft_free,4,0,792,198,mlp,0.827119133627014,0.42014543835263296,0.6481862682536811,0.4617694891492526,3.1723499221801754,1
dft_free,4,0,792,198,pinn,0.8144314626400715,0.45097977647413534,0.6715502784409633,0.4794834715049676,3.0722875518798825,1
dft_free,4,0,792,198,stack_ridge,0.8313345911567878,0.4099007809254622,0.6402349419747896,0.4754345710263835,2.7899868135305805,1
dft_free,4,0,792,198,stack_nnls,0.8288694448855171,0.41589172707511807,0.6448966793798198,0.4818085487675039,2.747347039528182,0
dft_free,4,1,792,198,prior_xgb,0.8313311111235653,0.48633200030834983,0.697375078640146,0.45953842606433104,3.93528211593628,1
dft_free,4,1,792,198,prior_gbr,0.8458679563060311,0.44441713952486195,0.6666461876624376,0.46708867802897625,3.5887447387580096,0
dft_free,4,1,792,198,prior_rf,0.7752157695937669,0.6481323564734156,0.8050666782779023,0.5325423060104426,3.2188450000000097,0
dft_free,4,1,792,198,rf,0.7862571623898404,0.6162961199245495,0.7850452980080509,0.5270094669312169,3.321619999999996,0
dft_free,4,1,792,198,gbr,0.8083680317467961,0.5525426714103866,0.7433321407085709,0.5401876967578557,3.1687838520542915,0
dft_free,4,1,792,198,svr,0.6924751690493678,0.8867027415487024,0.9416489481482483,0.6117017541481016,4.669835928478928,0
dft_free,4,1,792,198,mlp,0.848034206295973,0.43817107542973266,0.6619449187279351,0.4481394692316199,2.991719966888427,0
dft_free,4,1,792,198,pinn,0.8604969392958481,0.4022366128888762,0.6342212649295798,0.41560963040229043,2.7171645317077635,1
dft_free,4,1,792,198,stack_ridge,0.8573010111681206,0.4114516028585918,0.6414449336136281,0.4368215430945372,2.610219657839851,0
dft_free,4,1,792,198,stack_nnls,0.8571850479665521,0.4117859657405474,0.641705513253975,0.4398016395494255,2.6266926406623083,0
dft_free,4,2,792,198,prior_xgb,0.776631746213658,0.4474022993793093,0.6688813791542633,0.44738195267470193,3.1966518287658694,0
dft_free,4,2,792,198,prior_gbr,0.7567842868384945,0.4871563772787557,0.6979658854691652,0.4717940893437162,3.2891453103846136,1
dft_free,4,2,792,198,prior_rf,0.7346429480605758,0.5315050513300492,0.729043929629792,0.5040002010832487,3.5156601340326388,0
dft_free,4,2,792,198,rf,0.7388303670873766,0.5231177318730625,0.7232687825926559,0.4931239873737373,3.3073200000000007,0
dft_free,4,2,792,198,gbr,0.7158110974583631,0.5692248844673792,0.7544699360924723,0.5346783291382844,3.6742840700310984,0
dft_free,4,2,792,198,svr,0.6544201199089371,0.6921898271177758,0.8319794631586622,0.5605745889525173,4.269043829617939,0
dft_free,4,2,792,198,mlp,0.706972992495206,0.5869274380561023,0.7661118965634865,0.48834417490224646,4.430809963226318,0
dft_free,4,2,792,198,pinn,0.6672768158568858,0.6664381133803574,0.8163566091974496,0.481500032526074,4.775550735473633,0
dft_free,4,2,792,198,stack_ridge,0.7359578843506906,0.5288712593306839,0.7272353534659078,0.4634351190498861,4.004186304259894,0
dft_free,4,2,792,198,stack_nnls,0.7264633912646894,0.5478885456554502,0.7401949376045814,0.47222902392156235,4.123267429117906,0
dft_free,4,3,792,198,prior_xgb,0.8495536203468806,0.37063839597029385,0.6088007851262134,0.431627712385823,2.5526523933410648,0
dft_free,4,3,792,198,prior_gbr,0.8459737187431016,0.37945781050998184,0.6160014695680375,0.44395181693717006,2.5060405073361873,0
dft_free,4,3,792,198,prior_rf,0.8318188954638002,0.4143295103646381,0.6436843250885003,0.46916402289197623,2.4508972777777664,0
dft_free,4,3,792,198,rf,0.8281709328658249,0.42331659937927996,0.6506278501411387,0.4689278400673403,2.609560000000004,0
dft_free,4,3,792,198,gbr,0.8226423767394274,0.43693670229863424,0.6610118775775774,0.5022704929140043,2.00950958600239,0
dft_free,4,3,792,198,svr,0.7782607486586279,0.5462748962807358,0.7391041173479794,0.5095848407188351,2.7347542089840373,0
dft_free,4,3,792,198,mlp,0.9068484237426377,0.22948741528867636,0.47904844774686034,0.3508275799983078,1.7957229042053227,1
dft_free,4,3,792,198,pinn,0.881351607234619,0.29230115128331985,0.5406488243613592,0.3836453597389087,2.5781764411926273,1
dft_free,4,3,792,198,stack_ridge,0.8912724248000854,0.2678603111803115,0.5175522303886937,0.383065846960281,1.7883306523138844,0
dft_free,4,3,792,198,stack_nnls,0.8912974743489049,0.2677985993291148,0.51749260799466,0.3839180816800966,1.7506197842620583,0
dft_free,4,4,792,198,prior_xgb,0.81718361080543,0.3867318232011038,0.6218776593519852,0.43830449490053497,3.037499059677124,0
dft_free,4,4,792,198,prior_gbr,0.8272538577521922,0.36542911079679197,0.6045073289851761,0.4392634048735879,2.9047462367185206,0
dft_free,4,4,792,198,prior_rf,0.7927705282394795,0.43837552961213466,0.6620993351545783,0.47951610049463755,2.531787369191443,0
dft_free,4,4,792,198,rf,0.7924537891009852,0.43904556310885073,0.6626051336269971,0.4800560978835978,2.375770000000002,0
dft_free,4,4,792,198,gbr,0.8078778264876806,0.40641738285674966,0.637508731592556,0.4862132704089827,2.315785986606801,0
dft_free,4,4,792,198,svr,0.7040112550332738,0.6261378834375783,0.7912887484588532,0.565580426924328,3.381571804391953,0
dft_free,4,4,792,198,mlp,0.7284225354073781,0.5744979894032246,0.7579564561392855,0.544636516015337,2.860417751312256,0
dft_free,4,4,792,198,pinn,0.7634277437754657,0.5004475822522713,0.707423198836645,0.4873560604916678,2.8790730819702146,0
dft_free,4,4,792,198,stack_ridge,0.8072668022032348,0.40770995042459723,0.6385216914284096,0.44989532338542837,2.562381410007574,0
dft_free,4,4,792,198,stack_nnls,0.801301595141227,0.4203288157956175,0.6483277071015996,0.454230036810099,2.6003582568202477,0
