fold,true,rf,gbr,svr,mlp,pinn,hybrid_rf,hybrid_gbr
0,0.009,1.067501119707727,1.2629569180200175,3.2950313803114915,2.9409187,2.716973,0.6502135,1.142853
0,0.029,1.5857182537745298,1.6101987678781435,3.0726489988324466,3.2352428,3.5011551,1.1128852,1.5316982
0,0.361,1.5738510182981333,1.6691458747346624,2.7931890621851387,2.3975759,2.5219855,1.096641,1.6184568
0,0.44,1.2533227967052167,1.3564427669417596,2.273286816801425,2.2200024,2.078228,0.5627985,1.2655026
0,0.447,1.243138718067599,0.7603425736675757,1.9061885561745515,1.6166859,1.53409,0.60692835,0.5662513
0,0.477,2.919983752075901,1.7248340012676433,3.901642887432458,3.3806694,3.5755467,2.7770977,1.6522585
0,0.615,2.0737756925045714,2.2157643071256428,3.153747817725159,2.8279638,3.087792,1.7223707,2.2248187
0,0.638,1.7481163886420925,1.6607564603110236,2.1473364572527682,2.0228376,2.1161942,1.3342308,1.6523725
0,0.701,1.8791713909918744,1.795649787480066,2.2360530291042835,1.7445453,1.7564665,1.5225044,1.7707522
0,0.735,0.888531752752681,0.7575121256483879,2.3127471339131414,1.4606113,1.0762395,0.21868801,0.56197476
0,0.888,1.7730524753943737,2.0130990144002436,3.02977062628277,2.595068,2.7604315,1.4547483,2.0980072
0,0.896,2.2028190742915648,1.949921479874865,3.2125444094432325,2.530413,2.7590437,1.8277496,1.8587211
0,0.914,1.9870225932178731,2.040495188860162,2.673196017747291,2.5829744,2.6175244,1.6190207,2.039744
0,0.918,1.9443623862068957,1.4087975330302704,1.74710763698828,1.2619936,1.4020121,1.3940697,1.1381108
0,0.919,1.5230813284396418,1.499377818069896,2.956345302551102,2.8490667,3.101408,1.0229379,1.3726492
0,0.94,1.8157288384828303,1.801504368395611,2.6644328105695823,2.326831,2.5504332,1.4048474,1.77248
0,0.967,1.73960104609878,1.8285476193252952,2.8889595494864007,2.664766,2.895966,1.3025545,1.8036859
0,0.983,2.1780376771717744,1.837556837425896,2.731717901323165,2.303678,2.3185863,1.7789412,1.6694125
0,0.986,2.1491784627194406,2.1764142472793804,3.090542075449699,2.6058846,2.876506,1.8242345,2.162082
0,0.995,1.7262714359850828,1.661927225657187,2.9727121735849904,2.7018654,2.5134,1.292554,1.6191304
0,1.004,1.950659496907929,1.6015383560266179,3.218931150131181,2.5219212,2.7676265,1.5138237,1.465865
0,1.028,3.2042880060924346,2.769468251652544,3.5997199643638553,3.1813142,3.363748,3.1204357,2.809076
0,1.1,1.2699510329489758,1.3909422994144158,2.4523895011464507,1.5249263,1.0696359,0.80152,1.2863752
0,1.153,0.8385929925812772,1.1330050294190959,1.7807435617527676,1.8288771,2.028319,0.22496176,1.016642
0,1.158,1.6186607906662498,1.8007893078930128,2.955404197140792,2.7734058,2.9825523,1.1711853,1.7899646
0,1.161,1.9180429798156324,2.1019657198968758,3.3069655314683004,3.5659554,3.8976853,1.5002003,2.0035405
0,1.201,2.0487295173076765,1.6404933485212772,1.698156723167867,1.6015937,1.7286608,1.609492,1.6494637
0,1.253,1.7536456156242024,1.5002423008412071,3.2607471007671944,3.240899,3.5551953,1.3067071,1.3196691
0,1.256,1.6873701592052825,1.7400602408009034,3.015492662808686,2.7246082,2.890596,1.2559093,1.7151375
0,1.275,1.784232760021856,1.8316355790098409,3.124282100687554,3.6391478,3.737148,1.4662975,1.8367786
0,1.283,1.7175717003900741,1.793870578908375,3.0065681630845003,2.832566,3.0801554,1.2871196,1.7637963
0,1.366,1.6480381755768199,1.7949410220263715,2.613246480222262,2.3185496,2.402239,1.1997923,1.7596332
0,1.411,2.0409319230651466,1.5953106384190814,3.0396124399000364,2.3991117,2.5898197,1.6375104,1.4936217
0,1.419,1.734916960622583,1.7746357406892865,2.9050798719011657,2.6376321,2.8757057,1.2931057,1.7254404
0,1.441,2.5785423134321306,2.6874073430542196,3.27159134592932,3.1359706,3.3085337,2.317018,2.6871579
0,1.529,1.920904488432412,1.882453773547089,3.034551590947029,2.6979473,2.5199995,1.5212307,1.8716879
0,1.611,1.7219508594875967,1.7204625622339764,1.7468224400984154,1.5753605,1.4815315,1.2832754,1.6943022
0,1.614,2.2472863052008205,2.032451955515358,2.9866608206421414,2.3254023,2.4323807,1.9127072,1.9643438
0,1.616,1.9353580774999621,1.4819184790867834,3.0563747283203653,2.535522,2.273199,1.555812,1.4176785
0,1.619,2.158060056307857,1.6294654712267675,1.637868444405668,1.1851089,1.1364433,1.6167175,1.387911
0,1.623,1.795654093697687,1.766653297722502,2.306776563261677,2.3834755,2.6460438,1.3889956,1.7569474
0,1.636,2.227469420358872,2.0448998607425697,3.093093102694167,2.5035708,2.6152248,1.8857138,1.9600158
0,1.7,2.7583931963764434,2.640875138357128,3.263603464352173,2.6647606,2.7244284,2.562794,2.6787815
0,1.716,1.7505888393335298,2.0480563287477125,3.648596068382729,4.1290402,4.4015656,1.3332005,2.0013795
0,1.725,2.105668561434702,1.9135128289282692,3.2654985399621586,3.5833063,3.9053016,1.7927461,1.8499084
0,1.736,2.3200546694745556,2.3282689759267905,3.1805428217525424,2.573686,2.7029614,1.9959683,2.2956548
0,1.749,1.7461657562886699,1.70424950801048,2.970391627707905,3.0980113,3.474572,1.3062172,1.6271358
0,1.772,2.9281453088538236,2.6989720822367778,1.8243213501910636,1.4436716,1.2854997,2.695021,2.67556
0,1.791,1.8293684679026232,2.0951225064606764,2.2816072231734608,2.4773164,2.7040794,1.453263,2.1310365
0,1.801,2.399972239238973,2.5024715578930086,3.586056473107198,2.9707808,3.3129263,2.1309175,2.5703082
0,1.831,4.379442952954869,4.233292769298849,3.9217510437631584,3.4762409,3.8008714,4.56277,4.421588
0,1.873,1.9532714957708257,2.2071331866155455,2.050971166124628,1.8414748,1.7712739,1.5389471,2.0630336
0,1.924,1.74179375642125,1.7728704826566088,3.189796166403719,2.957326,3.1091912,1.3406118,1.7227819
0,1.937,2.9118976495405637,2.427707612496761,3.1239650008368685,2.4021773,2.5234275,2.7344122,2.4017515
0,1.947,2.302582407964561,2.475808498903153,3.2240273335722907,2.9338064,3.0827284,2.0374503,2.50456
0,1.956,1.516703787006045,1.6411909226966186,3.179226634761955,3.081004,3.0778682,1.2256032,1.7756609
0,1.963,1.974322714763162,1.9087839464503418,2.8677015205348995,2.667387,2.905835,1.6230736,1.9226487
0,1.976,2.423216591896003,2.005953522112471,3.5719761666328624,2.936914,3.1869552,2.0904536,1.8970792
0,1.977,2.597650023160068,2.3273667535845033,3.0137223619233917,2.2091758,2.3362873,2.3477032,2.2718217
0,2.003,3.121866342163118,3.525825856601303,3.189751245645187,2.8028138,3.0624053,3.0725794,3.7190156
0,2.009,2.0937249228596726,2.1270207134558863,2.8992865552937874,2.7181544,2.9494133,1.7836294,2.1579645
0,2.023,2.2780454585285597,2.030387310374726,3.162073886460561,3.0480418,3.2266169,2.0083568,1.9954416
0,2.047,1.9848936960507442,2.0016023445569475,2.921886110170643,2.6417072,2.8572576,1.6247042,2.0152905
0,2.05,2.014132378250164,1.8850099307679404,3.155911564543839,3.3180714,3.6669822,1.6539943,1.8511174
0,2.061,2.35117839035108,2.0506136380187354,3.2351009848925485,2.6573915,2.3903437,2.0760689,2.0608945
0,2.061,1.8975388450172122,1.8909281065581904,3.024090528693209,2.7835567,3.025525,1.5038544,1.8640682
0,2.102,2.1286873307134453,2.20322609991848,2.252422804973429,2.0185108,1.9455756,1.7909113,2.1994686
0,2.102,2.4354875937479448,2.58690984628854,2.985832535765427,2.6093907,2.8424225,2.196301,2.6597378
0,2.127,1.0897723661469916,1.1362163918098849,2.155086524468881,2.1908705,2.3755944,0.5099027,1.0779067
0,2.137,2.7906391073052834,2.606344290184917,3.1785478632981565,3.0202744,3.0699074,2.6434019,2.6947613
0,2.144,3.204554706616444,2.578017229992268,3.2539558740462633,2.5758839,2.7880895,3.0813134,2.5892656
0,2.153,2.4275622043027107,2.535036114589602,2.659784301904432,2.279358,2.254348,2.1983888,2.6739886
0,2.153,2.0805397762151863,2.1160831346043536,2.9008929221542457,2.4300346,2.6553662,1.7315698,2.1041121
0,2.166,2.286309715152307,2.216537599586558,1.9815623452570954,1.8549637,1.9812143,1.9901078,2.2316945
0,2.172,2.834189485155446,2.6779984168931006,3.3479117955228084,3.2461782,3.606153,2.6838524,2.6966722
0,2.231,1.918744337491026,2.0013753630599562,2.5803368830030395,2.2051315,2.2102785,1.5611619,2.0386343
0,2.259,3.12823453636318,2.822022001004409,3.5761288268332554,3.0006998,3.2408326,3.0389264,2.8807328
0,2.271,2.4406971322699844,2.2971091601535916,3.430643019860729,3.6766396,3.996992,2.2045333,2.2801137
0,2.272,2.0641814391417626,2.088889993728431,3.018981633883346,2.7835584,3.0116653,1.7425138,2.1006205
0,2.327,1.4931102885202945,1.6688576623679419,2.823396406900269,2.4895663,2.6265185,1.1313944,1.722467
0,2.35,2.26235659536819,2.7092206675040518,3.400326402310191,4.0266666,4.412997,2.3454845,3.1340702
0,2.351,1.8034071388804405,1.7878743591177835,2.297253057767637,2.1360679,2.277631,1.4014138,1.7243253
0,2.363,1.963656351741403,1.7964589939848081,2.7966708529561077,2.586703,2.7220082,1.6426643,1.7699587
0,2.363,2.3400686041620014,2.3967181056678006,2.814711436633319,2.684172,2.8504891,2.103063,2.4619915
0,2.378,1.509532172184855,1.6395981126472392,3.4373543380049645,2.8938434,3.1852179,1.0050423,1.5559338
0,2.441,1.92730581946683,2.0192905162722794,3.4221874370495717,2.8769178,2.662194,1.5570227,2.0178475
0,2.444,2.1393906238728233,2.000040957713108,2.0279032465909794,1.8432677,1.7694672,1.861081,2.1052165
0,2.461,2.306465893226221,2.496991545011285,2.938814917456658,2.532858,2.7861311,2.026428,2.550083
0,2.472,2.0793838180378232,2.1439632399211055,2.6290277693054818,2.2239645,2.2355418,1.7613422,2.1972513
0,2.486,2.3539853387816283,2.5018729658090053,2.939662031781297,2.5934417,2.762096,2.139604,2.606218
0,2.526,2.1420478379761705,2.143531529792559,2.989376440702776,2.7180133,2.9558702,1.8373446,2.1713648
0,2.535,2.0130450027049296,2.2001216561323185,3.315394085655651,2.8953204,3.0274172,1.6413345,2.1735113
0,2.549,2.2666606623182486,2.289515343834716,2.9079703737414295,2.5540376,2.8082075,1.9825208,2.3289416
0,2.556,2.5985873611992765,2.705452545623146,2.7946108327262116,2.4994397,2.5214078,2.4225578,2.8748412
0,2.574,2.2928870321688963,2.347303325316271,3.231987790865395,2.8362272,2.6655352,1.9917231,2.3858545
0,2.579,2.9340271123417248,2.802184529099866,3.666876255156217,3.0409353,3.2924218,2.7216716,2.762047
0,2.6,2.5187322251591167,2.6685788492027624,2.7446950471689404,2.4328392,2.5169854,2.3058114,2.774497
0,2.606,4.177789223255809,3.470986937715159,4.639730788480771,4.5732822,4.6489787,4.348661,3.564378
0,2.625,3.0483844898390577,2.7669122671769704,3.708335726781404,3.0782669,3.3638935,2.8712997,2.7262435
0,2.628,3.0117693953264357,3.142192743264343,2.8007113232981022,2.6132386,2.6199582,2.7677236,2.9579363
0,2.651,2.744023740260741,2.8440303420386246,2.7978859082399543,2.4782217,2.4769905,2.6075387,3.0352652
0,2.654,2.0001191226837185,2.172399905557644,3.284587621531209,3.1886032,3.4131598,1.6503366,2.1604297
0,2.658,2.5505537745210405,2.4046404024090897,2.9585416005664262,2.9661336,3.1637897,2.3180323,2.4326453
0,2.68,2.505956206063432,2.647131292015604,2.7667519712752933,2.3933408,2.4074972,2.2973719,2.7939858
0,2.707,3.8306993713513293,3.75044680576885,3.473677433876407,2.5473216,2.4328654,3.901703,3.9791617
0,2.707,2.9697683029159068,2.7490946658841775,3.68232495465705,2.9950485,3.244206,2.767175,2.7370472
0,2.717,1.6155081361222823,1.7073468607295124,2.870914154992137,3.2225113,3.4894028,1.1710547,1.6137444
0,2.746,1.9274248356089163,2.2001216561323185,3.4059665445031717,2.9538736,3.1963234,1.587994,2.2236803
0,2.764,2.3409056988863854,2.3227008297347993,3.3250082976682735,2.9618506,3.0953195,2.077179,2.3368087
0,2.768,2.371977486410989,2.630454019047407,3.0161105688809644,2.5360448,2.7354085,2.1022177,2.689423
0,2.789,2.4263333268793286,2.5083550703185784,3.2886600411849414,3.0027065,3.171053,2.1844845,2.5537994
0,2.83,2.5614873302187067,2.7280216476953756,2.8285058915413526,2.536208,2.5567498,2.3754718,2.9003282
0,2.832,2.30490583642385,1.8583312391311197,2.083716978973882,1.8287301,1.8828305,1.943908,1.7786252
0,2.834,2.623006608215921,2.461669440062305,3.279534190200423,2.8847375,3.0355365,2.4260666,2.4902768
0,2.889,2.8684300048901807,2.9260102097049616,3.1170829365636363,3.3609622,3.5794992,2.7834399,3.1521826
0,2.895,2.389702196901888,2.388417221063819,3.616609995360983,3.1738167,3.4745152,2.1377203,2.4806828
0,2.9,1.96409678006787,2.217271530309348,3.992879720489255,4.0581913,4.280521,1.6037756,2.199826
0,2.912,3.874643735132616,3.6486365135755023,3.9930330244323526,4.440686,4.674369,3.9631252,3.7638042
0,2.921,3.471845467131624,3.5200226199009745,3.4061573461144117,2.7707787,2.9817588,3.4105551,3.6473465
0,2.938,2.3319658064580224,2.4978368919829608,1.4236483018492536,1.0843619,0.9878838,2.0361314,2.5072975
0,2.976,3.7483453575413415,3.7913722819200752,3.3540502172305113,2.6709604,2.887115,3.7590709,3.960577
0,2.985,2.535716593272509,2.7154751804813753,2.858005893011879,2.5771227,2.6107152,2.3537664,2.877292
0,3.019,2.905330319120709,2.4879872033233985,3.134114399553371,2.5556266,2.622631,2.6754446,2.4080634
0,3.024,4.014406023593727,3.2391181073413646,3.2878444780945175,2.9677725,2.8345714,4.1068754,3.3199143
0,3.027,4.8801793465407375,4.304364825538601,3.96062693645015,3.3115866,3.5028958,5.259816,4.421544
0,3.106,2.903082859635975,2.588806228039881,2.9970721854965086,2.4551291,2.356192,2.7116144,2.5794792
0,3.144,2.9751098626466015,2.9418600924446383,3.2577602224389426,2.6060107,2.6859174,2.7508774,2.906719
0,3.146,3.5872791930253807,3.550709720957044,3.4043333965023765,3.0276372,3.190625,3.6244037,3.7409906
0,3.205,2.5704273792830885,2.330129247418112,3.783539628403062,3.7155197,3.9302812,2.3534431,2.3505096
0,3.277,3.8748596454004414,3.6486365135755023,4.008405580719633,4.4434586,4.6704626,3.9583135,3.749632
0,3.284,3.168023591315939,3.2171725354391705,3.3951912697417503,3.0545287,3.197832,3.1192698,3.3416548
0,3.356,3.0910699775848394,3.6999004417838557,2.88569621719085,2.3326926,2.4061108,3.0449011,3.9701364
0,3.369,2.372195192177269,2.455589874776514,2.847561809011007,2.6875136,2.8173087,2.1341567,2.5246272
0,3.407,3.4943348128124336,3.899871970987639,3.470794286464556,2.9290323,2.9909143,3.4679954,4.1203804
0,3.435,2.8501008861852295,3.3203319613901505,3.778688755897261,3.3940163,3.5894845,2.7172031,3.5251617
0,3.46,2.8936153977337895,3.7819730353787215,3.0302108485409867,2.348108,2.5734844,2.765163,3.9585586
0,3.502,3.3184938839829647,3.747641883227428,4.0293923429358145,4.0828357,4.4106,3.217048,3.8408551
0,3.523,3.0797045894901585,2.8727623538154776,3.330424045881677,2.8760989,3.0230289,3.0046043,2.9506211
0,3.596,2.9401100867566003,2.82764163192888,3.432030935457167,2.6674924,2.747294,2.8496354,3.0019557
0,3.613,4.290833563666945,3.936588587199039,3.5010414325470807,3.2378423,3.2848258,4.3518295,3.9508643
0,3.651,2.4188942742211776,2.7748614629060113,3.0531818930543353,2.775902,2.731267,2.163938,2.8671713
0,3.659,3.7286367852282547,3.6454308745683646,3.512393529533436,3.089757,3.216748,3.812413,3.8204231
0,3.692,2.6672547630537156,3.1213427453243217,3.742845407156841,3.7607942,3.741131,2.7462273,3.4274993
0,3.705,1.763907467193705,1.945600130064239,2.9801669900909,2.7020936,2.6154637,1.3853313,1.9379045
0,3.74,2.7529730212997063,2.245277922569696,3.114904117225111,3.113243,3.338478,2.5923038,2.217966
0,3.745,3.7295473012310545,3.6152618622285035,3.4984124946065145,3.2219026,3.5807734,3.7511964,3.7396479
0,3.759,2.9514795943862,2.7122649419521556,3.335223282145953,3.478174,3.4262493,2.81167,2.767004
0,3.769,3.6660985988835098,3.374082919109532,3.745040879217057,3.8673573,3.6831553,3.5806675,3.4815712
0,3.844,4.097936222730154,4.793617891849629,4.167046038615595,3.729763,3.9519095,4.403074,5.270643
0,3.865,2.2347549513186302,2.631382818868438,3.122256556413949,2.7782738,2.8543656,1.9725108,2.7243583
0,3.908,3.9180406485125667,3.648721588916887,3.805075872005526,4.110363,4.2831297,3.9961307,3.796163
0,3.936,4.108341026174946,4.012352931680246,4.2152570805403276,4.585377,4.7996426,4.24376,4.15698
0,3.972,5.83127940639252,5.825999949268542,3.8519789947684555,3.4483826,3.481904,6.2590885,6.0704536
0,4.018,4.051856111058247,3.8908912192837475,3.3000069586075185,2.4802663,2.6768208,4.2470417,4.1176996
0,4.055,4.181809317735992,4.079744315956991,4.250483513063407,4.5589614,4.7601304,4.331127,4.222312
0,4.083,4.378437862115485,4.334544621072778,3.9772908432787286,3.5115886,3.5232794,4.536283,4.513249
0,4.146,3.0093300255157778,3.5994959979668293,3.620357537930154,3.4271605,3.5875487,2.8499246,3.6914744
0,4.203,3.251856905751537,3.6414254151773733,3.1567242629192087,2.873635,2.8701482,3.10234,3.7085335
0,4.317,3.155076235054918,3.3304430188805565,3.0446807314156286,2.428553,2.4397647,3.1156752,3.4696372
0,4.652,3.642862178034657,3.3918324512157962,3.149838296830929,2.9480467,3.0817974,3.6680064,3.5116935
0,4.705,4.0395522665375365,3.8905408009392586,3.5769101451578975,3.1849396,3.3711107,4.183726,4.1170197
0,5.051,4.84634007026577,4.434197819608137,4.685762066426999,3.9814882,4.2113566,5.1468153,4.701887
0,5.081,4.951651127780003,4.95488530698335,3.5986971085402533,2.6693153,2.796685,5.331212,5.257729
0,5.091,4.155007444275415,4.434175784989586,4.9706912948941255,4.620922,4.6799955,4.3468246,4.7110653
0,5.137,2.8778554627995674,3.2397566775682147,3.108393151780459,2.5295148,2.6965773,2.7650037,3.3447375
0,5.159,4.939474537949737,4.9326311715494775,3.550755639245617,2.525963,2.6300464,5.332211,5.2331133
0,5.19,3.907906726552288,3.847212304677904,3.6953968332928815,3.1947427,3.3394923,4.0217133,4.018415
0,5.209,5.043737488846148,5.192584555095246,4.816923485799065,4.758033,4.8308372,5.3674583,5.5054736
0,5.225,4.838595212589441,4.787278724110899,4.534654659893935,4.2666864,4.4015274,5.3187103,5.2348237
0,5.351,5.29049178653383,4.540062209189533,4.198323414192237,5.336215,5.3614054,5.8239956,4.77073
0,5.45,4.440750663244559,4.509356900112897,4.098433209681389,4.9360905,5.023117,4.8187766,5.0555067
0,5.496,5.132782317108594,4.83569495456219,4.213844881742581,3.7118692,3.9028006,5.434615,5.2169166
0,5.631,5.523704483717179,4.677054019418687,4.528315587611148,4.3949046,4.6729946,5.875696,4.8294992
0,5.635,5.181415958983,4.85860077576937,4.1890041899071235,5.5356293,5.5351586,5.6348805,5.5010576
0,5.694,5.633322470616999,5.394868567661863,4.66671793010283,4.4750624,4.743044,5.988796,5.640698
0,5.77,5.434554969920294,4.839846979991934,3.961263193056989,3.619898,3.9250517,5.7989635,5.1006546
0,5.796,5.2692510444523,5.199634580372873,4.862121938545185,4.8704605,4.9181933,5.6495523,5.5099463
0,5.856,5.645732680949132,5.394457930315143,4.662041593590535,4.5441647,4.7858057,6.014714,5.6501036
0,5.93,4.702898822880592,5.099073046035894,3.76217243207566,3.2594087,3.4066727,5.049421,5.4448805
0,6.001,5.116188232497468,4.804254351691769,4.56437098024813,3.712003,3.9488447,5.4855795,5.129582
0,6.701,3.913222706489112,3.929498390432567,3.7843069039794983,3.205316,3.3445663,4.0070114,4.0877
0,6.943,5.655788234472973,6.683863600752554,5.861723380525826,5.123824,5.0599976,6.2362432,7.2412925
0,8.005,5.754910108093227,5.335795635612726,4.612767960234457,3.8785121,3.7835474,6.261464,5.7129316
0,8.141,5.597661168749317,8.247384951092283,5.4349420249560545,5.881709,5.639565,6.368387,8.999979
0,8.177,5.369816449826021,8.207386616392215,5.060156660129135,5.337033,5.439449,6.0597773,8.949097
0,8.725,5.426220408845569,8.219820990306626,5.449382604042842,5.8883376,5.6460676,6.1612945,8.963694
1,0.07,1.3277483152303249,0.9634546684718548,2.3459825634415723,2.3569832,2.4185405,1.0332559,0.76638365
1,0.071,1.175741480095052,0.7899463864524141,1.1207145329273882,0.5957451,0.6258445,0.6560216,0.5084722
1,0.086,1.148582100219393,0.7805200292945553,1.6756851870674385,1.5857226,1.4111217,0.95778084,0.6490977
1,0.118,1.0124570245640414,0.45786609644214815,2.191194144781372,1.5692335,1.580912,0.42116857,0.18489265
1,0.243,2.1309590662782405,2.0279755186322026,2.2545975316929785,1.2947431,1.349843,1.467755,1.7395252
1,0.362,1.2256262161691167,0.775304011886734,1.9073333918159652,1.5971631,1.5589373,0.539273,0.55532193
1,0.372,1.1680559174511187,1.128547824577577,2.04106359897909,1.8967953,1.863462,0.8775693,0.99946725
1,0.42,2.078312399158663,1.2250953605051276,1.9862327190369462,1.1650347,1.1974912,1.5697155,0.91772556
1,0.427,1.218815364966091,0.7777071922083683,1.986327176007247,1.6470785,1.6103995,0.50332236,0.5447633
1,0.622,1.264104810498163,1.1671576373269157,1.8661280199732129,1.6932187,1.6799704,1.1740564,0.93581975
1,0.71,1.3486829312446451,1.221938373156765,1.845796932721882,1.7768545,1.9065365,1.3114085,1.1820272
1,0.817,1.3789731903898343,1.4999313973087411,3.0863963529696954,3.9255466,4.318395,1.2039031,1.2772597
1,0.823,2.1151242641653374,1.9397965875976337,3.5088890496150484,3.9211516,4.103917,2.0073597,1.7667911
1,0.88,2.1749923681105017,1.8875843947662099,2.7780735612294345,3.036558,3.3517568,2.3235424,1.9417058
1,0.889,1.4655797997771363,1.3824004700648311,2.7864702723751473,3.702318,4.1099753,1.4082347,1.203033
1,0.938,2.1222451447277653,2.38426775098439,2.8842319965529954,2.6009707,2.954293,2.2312298,2.3036187
1,0.971,2.5289366594726985,2.389413287012644,3.1880861435824603,3.567697,3.8530107,2.747603,2.4593432
1,0.997,1.3532168308093748,1.2979398102448563,2.442377388061237,2.2691026,2.505376,1.0589173,1.1191251
1,0.998,1.4316913623149354,1.473554723396509,2.5367040687996334,2.6603155,2.8955014,1.2679684,1.380117
1,1.009,1.5125407829744733,1.645195453864495,2.553387011510984,2.5464654,2.5469418,1.5382736,1.560935
1,1.01,1.7655840614263083,1.4742103986284962,2.4227768764333804,1.9324515,1.8888142,0.9609083,1.1730366
1,1.06,1.1349426524354636,1.012109139863622,1.8993660670990078,1.525742,1.4603622,0.83138347,0.82269335
1,1.104,1.3444581632945762,1.4651348986086548,2.7280439527525515,2.9053173,3.1213586,1.307303,1.4726986
1,1.138,2.0403564808124646,2.046427252137537,2.601506235966765,2.3825805,2.6501637,2.1476815,1.943469
1,1.157,1.830732716776205,1.571231028596278,2.7331166410395964,2.691654,2.9806318,1.7533866,1.4694688
1,1.191,1.827893360260883,1.6269888618480133,2.7912055093765087,2.769426,3.0414195,1.7596457,1.5194257
1,1.241,3.691323748971486,3.4861493834545625,3.9124528836524397,3.1052902,3.575397,4.492154,3.4981112
1,1.242,2.028067184196125,1.694664630324627,1.646518229035142,1.4627436,1.4458032,1.533481,1.4340664
1,1.247,2.077162161782835,2.0825720778714487,2.8953950905635164,2.9466407,3.1884475,2.0183172,2.0867
1,1.249,2.502942392524353,1.818757240243632,3.3921005035383307,3.0558438,3.2754595,2.2669115,1.5590036
1,1.279,1.9827092207569579,1.929281334647214,2.7787074898791686,2.7017045,2.9313433,1.9188344,1.8672764
1,1.289,1.7527767360231923,1.7859036680801637,2.42115682979076,2.3152761,2.3758774,2.0127883,1.670972
1,1.303,1.370023711512769,1.3854905104373132,2.0837855210504324,2.239189,2.5787394,1.3351114,1.244395
1,1.324,2.0750361835966213,1.9943198103370294,2.951195402267444,2.693199,2.927256,1.786258,1.865827
1,1.351,2.6759003057868713,2.2296955978454327,2.4993789971993414,1.840085,1.7395233,2.141585,1.9745212
1,1.409,1.8143853622603106,1.4727939855027699,3.0087351972949086,2.4411106,2.6633317,1.2981325,1.240151
1,1.428,2.612184618674029,2.4599821756344453,2.93343642639306,2.1626477,2.2337503,2.3388944,2.452788
1,1.434,1.9363891945295792,2.0985506208123685,2.5321583206021843,2.2454455,2.626392,2.229014,2.099088
1,1.437,1.5231927900490756,1.6787020639307801,2.090465712513767,1.7692844,1.6141427,0.6986284,0.9820796
1,1.486,2.0089336279604137,1.9052088146104118,3.043600155653378,2.8726952,3.117872,1.7798972,1.7535166
1,1.488,3.026681948410146,2.3864652577802468,2.8670515022662397,2.546424,2.683225,3.1095934,2.2433095
1,1.501,1.8986278661251048,2.0766435346345435,2.5579601614400582,2.238272,2.51125,2.0071797,1.9592407
1,1.538,1.9304605303924962,1.7303423160967812,2.720879976342707,3.219923,3.4374824,2.2200427,1.73187
1,1.545,2.275367683222509,2.247021652788407,2.9738310119456948,2.6700487,2.9011257,2.3399186,2.202666
1,1.55,1.901341400090154,1.9921122754518912,3.003062626967361,3.1116714,3.3547616,1.7796736,1.9731479
1,1.558,2.724625093148689,2.29436065452519,3.136555071259309,2.9343228,3.1937864,2.509053,2.162126
1,1.585,1.9490116480599164,2.0321912999646092,3.166234656353638,3.085703,3.2729902,1.8944263,2.0990078
1,1.617,1.9654370135085297,2.0584536936477265,3.120320081394927,3.0720131,3.1908267,1.8695343,1.8655932
1,1.618,2.7149147470472945,1.9966422014268013,3.263760258062141,2.7230403,2.9713893,2.33606,1.7589784
1,1.641,1.8347357222369587,2.0569712558432998,3.5811421580030443,4.021906,4.349818,1.6962394,2.0408115
1,1.646,3.219950883359233,2.5333118578777984,3.33488217179483,3.191353,3.4223046,3.0145705,2.472749
1,1.674,1.8264125451095619,1.8710634979729557,2.415225532026077,2.1702175,2.1759865,2.0965753,1.7904061
1,1.703,1.3113511978970485,1.690536745868911,2.3625578625032055,2.2024734,2.1840591,2.0203664,2.16098
1,1.755,4.238969520678138,3.6730609164515053,3.499238863853209,2.0015225,1.741909,3.5736396,3.5428617
1,1.809,2.7533549679513967,3.477127472837961,3.7292007444766595,5.148185,5.2290854,2.967125,3.6160462
1,1.829,1.27405989477089,1.152325533725229,2.4985072366926935,2.8626094,3.0994065,1.2681642,1.1481826
1,1.833,1.4608734022963712,1.3812869995631654,2.3377597585744563,2.252958,2.6268964,1.7307017,1.3856306
1,1.858,1.816531986198233,1.6978376934014705,2.6374023906150725,3.055781,3.2795193,2.0213244,1.6782887
1,1.86,1.6758610555636435,1.6934185142759859,2.970345815422754,3.2042928,3.4266667,1.6572776,1.6591794
1,1.873,1.8079923629833732,1.6461060221652821,2.404421867226376,2.211789,2.3688889,1.7276841,1.520356
1,1.894,1.8602411885750074,1.977984168895797,2.4712944254962963,2.0018368,2.1423628,1.8652718,1.8860872
1,1.905,2.32329727078881,2.247427119224292,2.8682866434677323,3.1178892,3.4519963,2.4726434,2.3370125
1,1.917,3.205858396738462,2.494228244618268,3.2177792855805363,3.021966,3.2642298,3.6244888,2.425089
1,1.923,2.194514247091482,2.096784364269891,2.786201678605907,2.873755,3.1161659,2.3935711,2.070107
1,1.954,3.298374654018804,2.5616924358805737,3.088818284291336,2.815489,3.1111267,3.3502865,2.4884365
1,1.961,2.672977145561428,1.963841411603997,2.7265791413633167,2.5489354,2.3858836,2.2857208,1.6735158
1,1.966,1.861753812910092,1.8526572670490995,2.4605201203226312,2.1962957,2.3790324,1.911128,1.85407
1,1.99,2.392746889212092,2.4065261797611344,3.212581686214971,3.2408426,3.446928,2.4341173,2.440856
1,1.991,1.6943007053266295,1.6811696128348934,2.9591963663684853,3.236974,3.4564922,1.700292,1.6447313
1,2.0,1.646951947540446,1.6325483857569256,2.912684238347706,3.190896,3.4106958,1.6162139,1.6197546
1,2.004,1.7709635866958646,1.8623649361139767,2.5713050865923868,2.3240001,2.6935556,2.0407388,1.8169614
1,2.023,1.7133601638927298,1.947680794970357,2.9655132030016236,3.2763054,3.4795933,1.8394842,2.0171
1,2.038,1.8098581599254204,1.793760213519141,2.706483896395484,2.6784441,2.935349,1.8222867,1.6998426
1,2.045,2.512687154429115,1.818757240243632,3.3936023782497164,3.0325253,3.2602553,2.2897148,1.5561914
1,2.058,2.3030818102560984,2.2698298039635336,2.8685366354748036,2.905467,3.157472,2.4794054,2.2592664
1,2.065,1.9679306480179246,1.8839944293077715,2.965201143307892,3.3968625,3.7333462,1.8537893,1.7800195
1,2.081,2.2671598174421908,2.1586012874130356,2.806788040565887,2.4683459,2.74151,2.3731878,2.037201
1,2.106,4.034278978902675,4.480795170961781,2.551902892937682,1.8564453,2.135477,3.587473,4.562576
1,2.118,1.9014976210705772,1.8530099147651349,2.7253552953985487,3.32558,3.6585674,2.0151832,1.867836
1,2.122,1.3662444243760536,1.1702840031717405,1.7460359438824642,1.9437118,2.1789947,0.8293185,0.9706727
1,2.135,2.3148396900243005,2.1402746891268207,3.239056980036672,3.8601427,4.159736,2.3070166,2.0581555
1,2.14,2.3083657084796916,2.1402746891268207,3.2346801643706007,3.8606448,4.171555,2.299695,2.0559735
1,2.144,1.7436248411746882,1.7829175625656466,2.732196180175739,2.6954055,2.6955986,1.7329688,1.6677892
1,2.154,1.357939459993744,1.2634371754100864,1.7125967904018862,1.4143828,1.2325563,1.7148157,1.0576184
1,2.157,2.327097817886842,2.352459737614393,3.0619259237747602,3.2056723,3.3961358,2.5080614,2.3284025
1,2.166,2.2233347922995903,2.0895493092329693,2.833755712439833,2.9047632,3.15807,2.4085875,2.058878
1,2.172,2.3488820859607418,1.9696321143813647,2.391680999201405,1.9978595,1.9684544,2.611546,2.042963
1,2.204,2.1993421119727774,2.1052995331414195,3.0226303731320283,3.4091067,3.7489853,2.0655923,2.0175521
1,2.214,2.296184376942545,2.302640955597809,2.7814546377338822,2.6264257,2.877246,2.433636,2.2672205
1,2.214,1.3569198332575332,1.6738833522105678,2.3631671271123453,2.260948,2.2709908,1.2491324,1.6820846
1,2.217,1.7328371743185516,1.8453943161907067,2.3248520854028416,1.7019248,1.674045,1.641856,1.6802077
1,2.253,2.2633829139044552,2.1936278472992496,2.8418256906096584,2.8837423,3.1405606,2.450539,2.162469
1,2.286,3.187704703398164,3.0333260068108445,3.227394368357845,2.6136687,2.6130645,2.7893488,2.8171713
1,2.29,1.9939716056341608,2.0956199077819773,2.888906203403621,2.5731366,2.7542286,2.2127786,2.1218886
1,2.302,2.5266540145756333,2.555748183018308,2.622222049626442,2.4789836,2.4851925,2.7232697,2.7392917
1,2.302,5.38070490576456,4.888792993093441,3.9769605371843397,3.533721,3.8170674,5.4827204,4.9857397
1,2.346,2.2780588634506365,2.1939357159677213,2.8361231591986313,2.7744553,3.0339704,2.4028604,2.1403656
1,2.348,4.06540775931858,3.8584932583543816,3.7531514889864384,3.5967839,3.6913624,3.664215,3.6295161
1,2.354,2.826048096855547,2.0767196049428107,3.5065998205482702,3.126333,3.350029,2.6311255,1.8221943
1,2.363,2.289642811107853,2.2093290692312726,2.8537874829630314,2.9040105,3.1573453,2.4687047,2.1921973
1,2.371,3.2464605991184676,3.179388727006105,3.043771091190334,2.606409,2.82839,3.011625,3.1485195
1,2.428,1.6060999263994709,1.6993009648569315,2.6257033144679283,2.7951238,2.913955,1.6708382,1.705346
1,2.433,2.599235150916275,2.5989293077919604,2.7965782266424806,2.729534,2.9396064,2.722102,2.7569168
1,2.434,2.102896744033465,2.075926610928075,2.435646411751223,2.0131907,1.9884803,2.2859535,2.1434267
1,2.461,2.3621449874713942,2.329507455635802,2.892253783641203,2.7414336,3.0068402,2.523985,2.286521
1,2.476,2.5643970676078633,2.8002486086812843,2.8540530303364604,2.8342986,3.0671012,2.7118268,2.9788258
1,2.483,2.5001679641199654,2.4583488893280627,2.6710405872597907,2.4550915,2.4563596,2.6448777,2.6265228
1,2.573,2.307797899060849,2.2397572240066417,2.84446354396002,2.6116765,2.8908322,2.4100523,2.1555176
1,2.584,2.2462067337170506,2.2010945258284447,2.0168033464091333,1.9713743,2.106966,2.1044948,2.1505857
1,2.586,2.2278675638890166,2.098345730798588,2.7347734940230897,2.5685902,2.7938907,2.2303162,2.1770015
1,2.586,2.5054203283530887,2.4120031104046546,2.300198365086354,2.1898832,2.406315,2.5830784,2.4392517
1,2.587,2.4158546801809684,2.3004553962659533,2.6129091147837786,2.397679,2.3899186,2.5365002,2.4610984
1,2.602,2.448969244740196,2.5301438620403163,3.1110759856695163,3.2211657,3.4444852,2.4731631,2.5594673
1,2.607,1.537054087503379,1.5213966319414791,3.5479190271829184,3.4637966,3.6578493,1.5761466,1.6897023
1,2.685,1.6095626816343345,1.5890468517444012,2.5728919741667693,2.5599802,2.910008,1.9052094,1.6022418
1,2.69,2.0758033915890106,2.2276026012898593,3.2465465795166284,2.8303905,3.0283287,1.8771789,2.2394824
1,2.692,3.509396716723913,3.184580423461141,4.005170754633119,4.067219,4.2998734,3.1153224,3.0794828
1,2.7,2.7677093210553663,2.958614472590796,2.7117538367094642,2.6599948,2.536918,2.5870252,2.913145
1,2.722,2.1192111420593926,2.020652557133421,2.7660983333689044,2.587583,2.8627172,2.2103097,1.9186687
1,2.732,2.636020950009404,2.643129008863864,3.6360302800222697,4.247778,4.4833174,2.53382,2.614958
1,2.736,2.4545594838862606,2.4029259139058423,2.348438543136959,2.448139,2.6669188,2.5964305,2.4272137
1,2.747,2.425685766031278,2.5531022954874976,3.202181035374882,3.279489,3.5135534,2.4096265,2.567703
1,2.752,3.408266556836138,3.369895617444276,3.322092124619082,2.9044027,2.9103642,3.3827062,3.4095101
1,2.759,1.606439248122982,1.7037281304793255,2.7584450611108333,2.0106287,1.9100745,1.4593408,1.6253226
1,2.829,2.6014352957446825,2.4368314523064267,3.2150854928004917,3.4673169,3.0833275,2.8417852,2.5412693
1,2.862,3.3279271850244516,3.274926973599691,3.149408133286454,2.6585617,2.8927124,3.0948858,3.2323189
1,2.868,2.7527901313597503,2.5224252608597624,2.570642554103875,2.5735106,2.4880357,2.9421191,2.770609
1,2.93,1.6236580105123168,1.6683946830853253,2.8988278172699804,3.445159,3.7845476,1.5729787,1.5206695
1,2.957,2.575010087891577,2.4312454435790323,2.6959419297363696,1.74635,1.5020393,2.0692055,2.4191282
1,2.96,2.5166403868397755,2.599156143305209,3.188414248474589,2.3649573,2.6028316,2.1716652,2.3979423
1,2.97,2.5484856081027196,2.6342050319088504,3.1748378711761314,3.3080814,3.534599,2.5589545,2.6538298
1,2.973,1.5838150842897576,1.6871313159357426,2.905124064899989,3.3568585,3.4609404,1.6295408,1.7335042
1,2.976,3.123167390800447,2.9300770229440407,3.5534421814502264,3.8576183,4.1388497,3.044395,2.8630025
1,2.987,2.7319294218026284,2.5786496687399554,2.624330148077772,2.2891932,2.2619379,2.9125848,2.7094378
1,2.992,3.8098089635683188,3.48781254726559,4.142937838456891,4.321128,4.5413094,3.614023,3.5067337
1,3.01,2.7557862946644747,2.5961265490644534,2.6962002590726293,2.6175632,2.576537,2.404714,2.4396403
1,3.028,2.205182215815435,2.3972546780337765,3.0824982273377928,2.8618903,2.8614762,2.1624055,2.2510283
1,3.089,3.1591689859864713,2.607416274130187,3.808280436953771,3.3349566,3.6342225,2.831344,2.341923
1,3.097,2.8262949339012438,2.804602205763402,3.0974152285869674,3.3649683,3.3739817,3.09375,3.1110024
1,3.103,1.7606099449559673,1.934890968595767,3.1304458817064043,2.9608448,3.356105,1.772192,1.9274474
1,3.12,3.0549016815398886,2.8372168518804255,3.7964185493010536,3.3152575,3.6179497,2.700863,2.6135104
1,3.122,2.791184877967555,2.800614499042325,2.72647947639285,2.4766414,2.49072,2.974489,2.981719
1,3.162,2.6313822098493307,2.63745701604282,3.0137613824705727,2.9374888,3.1898737,2.7192793,2.7641098
1,3.213,3.532189595367178,3.3903205883841094,3.426825988619714,3.1843967,3.389779,3.4691312,3.5083046
1,3.271,2.763560734685436,2.6413346912772395,2.667549918206442,2.3238256,2.31976,2.953832,2.7764912
1,3.311,4.079847594829435,3.021073502515336,3.9027667005395017,3.1924357,3.2653086,3.5522988,2.6840837
1,3.324,2.659720790563356,2.814886552895554,3.478439262272742,3.3742259,3.6020484,2.829987,3.0118294
1,3.371,2.3649981902750854,2.166767169828826,2.5236053827115947,2.3901076,2.6733677,2.5831478,2.3048942
1,3.518,3.6850327525592066,3.786048456832986,3.412849691048813,3.487661,3.8103232,3.5191402,3.725273
1,3.553,3.0449478316181477,3.3417717084393432,3.2387690852449524,2.877481,3.212781,3.1962724,3.3030772
1,3.604,3.435705391154646,3.8307375581766374,3.5492845905526096,3.6405876,3.5582633,4.7808657,4.328578
1,3.685,4.102446646312428,4.589005174617455,3.394823067137974,2.942572,3.0918236,3.9623013,4.6673574
1,3.719,3.515071769253023,3.612709897039192,2.9286661212206306,3.2808318,3.3238637,4.0312967,3.9478965
1,3.781,2.8120815397342005,3.0608381382263636,3.5010481960558484,3.3189025,3.537811,2.9063468,3.2446709
1,3.784,4.710208583442688,4.432088657584421,3.895694197024935,3.676114,3.842193,5.1909842,4.6139317
1,4.024,3.4043106474435088,3.6284085769992727,3.305481708001833,3.8622615,4.050538,4.1167517,3.9791565
1,4.04,4.576071855536167,3.8841816515748624,3.714808187624246,2.1220958,1.8499925,3.7170496,3.7554457
1,4.108,4.040623022529715,3.8266517469052577,2.945350847236056,2.4924636,2.6466787,4.1849656,3.9583435
1,4.122,3.8055144850813076,3.6464134492815043,3.1698062253002983,2.7502897,3.0730028,3.9486065,3.8505528
1,4.129,6.111645007154693,5.96118446556776,4.366843031892878,3.6626606,3.896605,6.3031054,6.2324886
1,4.28,3.3730155443654044,2.65538089621072,3.9734197536061906,3.3686917,3.8084815,3.660256,2.6633239
1,4.553,3.1516844065656477,3.197845058184287,3.422965582941878,3.6981754,3.99855,3.3425481,3.3556254
1,4.607,3.9644669004078437,4.722381612913462,3.2921862743687496,3.158749,3.395743,4.1351376,4.983625
1,4.611,4.59288790884744,4.658316902690428,5.342028206944368,5.2941184,5.4296594,5.054464,4.8595057
1,4.701,4.06457637832815,3.8459683955614783,4.04811424251377,4.7361345,4.719143,4.7879095,4.5043135
1,4.726,4.6806338026122205,4.622176141145651,3.9250511419486496,3.6312253,3.8799133,4.7346525,4.7150145
1,4.747,4.663583999816089,4.622176141145651,3.933735365693032,3.6704345,3.8363142,5.090312,4.81982
1,4.8,3.684278338268973,4.140557827702203,4.02631393978019,4.712317,4.8217473,4.0290823,4.4297276
1,4.992,3.656902800215306,4.005118813240061,3.7883548281548434,3.582604,3.5923126,3.782461,4.0493946
1,5.084,5.681537859252083,5.659692636867704,4.672004744432334,4.5498624,4.7460184,5.3949213,5.773115
1,5.123,4.122778355958399,4.042747731856602,3.553710024680127,3.502075,3.7398162,4.2499285,4.1696634
1,5.132,4.7935429786170305,5.311431454735873,4.675590311733638,4.8826876,5.032626,4.9675264,5.5494995
1,5.308,4.947249591233696,5.018871314770298,4.6465427593184785,4.8053303,4.9783726,5.0862303,5.2085943
1,5.348,6.12330401675842,5.949510392521575,4.502098557453332,4.229373,4.390919,6.3937035,6.2624846
1,5.447,5.0874068766493155,5.345911666296764,4.7948546234212905,4.8500094,5.1495485,5.413862,5.5155835
1,5.463,5.127652769458253,5.151951231345772,4.456817805816507,4.225511,4.47789,5.210328,5.233101
1,5.535,3.593232608743338,3.6903513726343316,3.467108223633487,3.624986,3.9615016,3.196892,3.6057982
1,5.946,4.833350214045557,5.085517681638411,3.490964024191508,3.2464292,3.4830968,5.006018,5.359448
1,5.989,5.663336578056676,5.852894698050495,5.720092918105005,5.3111753,5.422264,6.644619,6.1582327
1,5.999,5.410394325290082,5.25942801583877,4.4486891366346235,4.2340055,4.48798,5.5303946,5.362892
1,6.216,5.906011466671439,5.700891913978307,4.412198459495615,4.859312,4.88396,6.3536806,6.099558
1,6.255,4.943400143921195,5.4442233855345545,5.416170191118261,4.8801193,5.1651316,5.766471,5.682104
1,6.616,3.6654909011580363,3.4765352797136178,3.492041392368955,3.844239,4.1400757,3.705427,3.5019646
1,6.795,3.787768779408227,3.633514618235909,3.5191366755397766,3.8739243,4.162073,3.855826,3.6759677
1,6.986,4.737451475552318,6.915750127239036,4.454416544043349,3.6096754,3.7506022,4.8283014,7.355901
1,7.451,4.248310478592231,5.0360688901085275,4.225071255905747,3.7371056,3.8642006,4.193316,5.1152215
2,0.009,1.3054288387485133,0.8338612051362773,1.9848848831163022,1.3312933,1.4930326,0.9616877,0.5143044
2,0.013,1.1879129991322643,0.6784303944592813,2.8976929042348187,2.1689353,2.3131747,0.7839482,0.2997439
2,0.085,3.828671428356761,3.956684268566632,3.0140143199838683,2.544084,2.4512439,4.19219,4.0823593
2,0.1,1.5868088452603528,1.5176532763861192,2.4149048841204768,2.383016,2.3132796,1.3230541,1.3126923
2,0.197,1.643820936361207,1.211972258617543,2.0070391799075056,1.6249158,1.5402994,1.3632987,0.9339303
2,0.229,1.8774907873232636,1.6098866146357182,2.2023185217008083,1.203999,1.2073965,1.6948348,1.3641663
2,0.331,1.6556234412755433,0.8700268908979756,2.116869009770319,1.7509558,1.6710025,1.3785629,0.5350735
2,0.346,1.0085346825092703,0.6271838638429315,1.9671772217047079,2.300465,2.331326,0.58982253,0.27658296
2,0.599,1.30398849279308,1.115764155560919,2.267788456507104,2.0693088,1.992907,0.95830154,0.8346783
2,0.625,1.1819968390038709,0.9598904026455137,2.3021005882769727,2.588804,2.6088922,0.7990546,0.65519404
2,0.636,1.672893061817912,0.8689043887258974,2.172774818752242,1.8278203,1.7228684,1.4012759,0.5332999
2,0.655,1.3410516789584543,0.9094985973185463,1.9206943213890502,1.6660162,1.5988758,0.97735214,0.5873022
2,0.702,1.100384134947965,1.1690967463577935,1.7301447806364285,1.8761895,1.7602036,0.6642835,0.8766905
2,0.845,1.565094817132633,1.6649929296643717,2.70064000708256,2.7297025,2.6804857,1.2856344,1.4776276
2,0.937,1.2200953578861509,1.1878587302592016,1.8173040298792076,1.971408,1.8080771,0.8579346,0.930794
2,0.973,1.6089795223868844,1.5337681695433396,2.570683984224814,2.5778031,2.514238,1.3322835,1.3188671
2,0.98,0.9617047225310156,1.052499599978352,1.539935756458288,1.8626502,1.9434667,0.5304067,0.77764726
2,1.031,1.6365474284102046,1.5967596971838103,2.3927262550885824,2.5851212,2.5616748,1.3924654,1.4058521
2,1.045,1.0184744426352073,1.0766329482982755,2.1193224424748878,2.3203173,2.3735123,0.59992456,0.8015957
2,1.09,1.7875702021875757,1.9784293455885318,2.442668566507558,2.4833446,2.427223,1.5865767,1.8524873
2,1.097,1.67036145658096,1.828722873719296,2.784621398727966,3.1284277,3.1967967,1.4209075,1.6643044
2,1.098,1.9981956968708563,2.072355579505164,2.479004260435357,2.5943644,2.554535,1.8472466,1.9535402
2,1.135,1.921286101233985,1.9749791169495738,2.9192347162449743,3.2347348,3.3009667,1.7442566,1.835386
2,1.144,1.1380186391964826,1.409001132014605,2.683067418269412,3.359509,3.586926,0.7371862,1.170009
2,1.174,2.7670538452065583,2.09348606849545,2.9021227433931878,2.433005,2.3979814,2.821522,1.9322844
2,1.174,1.4934697578598848,1.5420349586613422,1.8170825532279598,1.838551,1.6869802,1.1985574,1.3467329
2,1.184,1.8752430825164157,1.6785302155471968,2.401550442510861,2.5666962,2.6670787,1.6882449,1.493862
2,1.189,1.8364230708058313,1.9793439353487474,2.2546430500836223,2.2922163,2.2595758,1.6496735,1.8461564
2,1.213,1.8585200866074636,1.9397523956014848,2.6121698903010513,2.817816,2.807968,1.6677712,1.7993728
2,1.216,1.0819348636251551,1.1574537662454814,2.011816605296285,2.4072137,2.4094307,0.6783278,0.8886026
2,1.229,1.5776579898475056,1.7173044915483202,2.651251928172361,2.7914653,2.785758,1.30564,1.5389801
2,1.231,1.9452151379913913,1.6857788943468384,3.075207372739883,3.6206372,3.7859175,1.7644242,1.4813302
2,1.286,3.317708320589238,2.5978245646575435,3.3237221120317986,3.4990816,3.5587368,3.5415156,2.5465233
2,1.327,1.9098561976756474,1.745659933474765,2.6943207669100384,2.4814937,2.3790147,1.7457763,1.5818537
2,1.339,2.1817604913308917,2.254203507250157,2.988824228156698,3.2675974,3.3403575,2.080072,2.1550367
2,1.343,1.6747272711013712,1.6113654609891428,2.4977902599359396,2.7807887,2.7830524,1.4288763,1.4155505
2,1.391,1.6476024219976437,1.8110942922235367,2.9008811060516413,3.0885756,3.1625497,1.3984823,1.6320448
2,1.419,1.9873042280562765,2.0536632550926455,2.9443917230986303,3.2766469,3.3619587,1.8301429,1.9236066
2,1.454,2.0245358163016918,2.1675060789146707,3.006730412743829,3.3174,3.3853886,1.8760117,2.05598
2,1.472,1.6667504589330673,1.6615186770600359,2.29328596021104,2.9135957,3.031088,1.4220083,1.4725798
2,1.475,1.3546474726211923,1.4475498566550942,2.793640733601092,3.3821049,3.6660185,1.0123369,1.2003047
2,1.48,2.1009891544323334,2.1619976280924207,3.096449300378769,3.045148,3.018004,1.9724655,2.0528264
2,1.483,1.759822736778144,1.4180259825773667,2.1269825643248392,1.9910803,1.9339733,1.5552033,1.2075888
2,1.494,2.7462986000654945,2.6045317714355707,1.900454826405051,1.5110524,1.353625,2.8321333,2.5431402
2,1.515,1.8519575186517376,2.117963414874178,2.067331092003644,2.261444,2.3370228,1.65859,2.0032494
2,1.544,1.7263712610113657,2.049514005578854,2.843833274980305,2.6668367,2.8435826,1.4839299,1.8968991
2,1.581,1.1181981491930837,1.3217228821367635,2.7409382349878495,3.3639839,3.5927496,0.7105057,1.0702728
2,1.643,1.883624047866959,1.842683796785119,2.8043004813999883,2.7027357,2.425092,1.6846913,1.6551713
2,1.645,2.4079141215406277,2.464577638383553,2.9448741085672863,2.7339768,2.9420147,2.3576453,2.3758767
2,1.677,1.6377720239906557,1.5437616192768295,1.9468510351827373,1.7775089,1.797679,1.4024211,1.3744168
2,1.718,2.1804646611047556,2.1956766695175216,2.541695771385114,2.4188643,2.390117,2.0753355,2.0913448
2,1.718,3.411589844193792,3.2807186323339397,2.0489719691893367,2.24866,2.335412,3.66641,3.3470087
2,1.719,1.5473569193040129,1.5151451397716644,2.4868506805693804,2.4521747,2.6448777,1.3083712,1.3211598
2,1.737,1.6770216547682568,1.6883606940922202,1.7645114422526025,1.6201695,1.6284387,1.4490925,1.5261345
2,1.751,2.253858347092777,2.5173817577889523,2.956058735617007,2.7316399,2.9330804,2.1598582,2.4384308
2,1.751,1.6735239851300991,1.7146691060158727,2.750169573573215,2.6369457,2.759022,1.4142834,1.513088
2,1.777,2.773458422359687,2.66395797897127,2.0699586832915955,1.9968112,2.048003,2.8574555,2.6331944
2,1.778,2.84980531086418,2.5636850733698204,2.378386643495443,2.2166653,2.1932123,2.9629736,2.5135298
2,1.828,2.308644105697165,2.14755180915028,2.9600208521118088,3.0706446,3.1060548,2.243054,2.027649
2,1.84,2.466986928375092,1.7212697656428797,2.7045217739711607,2.6534033,2.6422763,2.411478,1.4815421
2,1.857,1.6981152573280038,1.6717209183759876,2.7832391979340434,3.4471822,3.6403604,1.4596684,1.4765747
2,1.858,2.339269874176038,2.353291367164673,2.5882857542116273,2.432763,2.3961232,2.2795305,2.273773
2,1.865,1.2105152009524782,1.1077590608170147,2.3349166847908966,2.697515,2.7503097,0.8346114,0.8231001
2,1.869,1.9069812690329182,1.8614592232418685,2.923422729918095,3.5991418,3.799357,1.7270284,1.696498
2,1.883,1.9508275846954397,1.9712068281653825,2.1110135817457585,1.9085759,1.8931007,1.7982605,1.8435111
2,1.907,1.190628851375858,1.3890952809488144,2.7193085126126246,3.3872097,3.620428,0.80531573,1.1462343
2,1.913,1.692010168791163,1.7056167075816684,2.787954416106404,2.9823697,2.9287934,1.4449912,1.5160028
2,1.965,2.1808639199443536,2.456296018041034,2.3195286808058686,2.2863102,2.393783,2.0842443,2.3949673
2,2.021,1.5216428632943293,1.7966006071761278,2.891460257483663,3.1703775,3.188222,1.2292138,1.6212308
2,2.023,1.6756722328636606,1.6502233624269216,2.370295326716632,2.2350218,2.2984424,1.4231449,1.451032
2,2.04,2.2602335020459,2.31133484723837,2.3956182621134814,2.5790966,2.5527606,2.188818,2.225978
2,2.053,2.016928637327663,2.1823789521930226,3.5265241511247436,3.8615298,4.062274,1.859776,2.0622787
2,2.067,1.9471535349462308,1.8898165093983275,2.9475093227732,3.6225815,3.8413422,1.7804545,1.7260654
2,2.078,2.1370017599960964,2.194465009088203,2.606560950066558,2.7866337,2.7737803,2.0259457,2.0901573
2,2.092,2.6011206300942606,2.6592086584310586,3.238478947492456,3.0805593,3.154117,2.5841389,2.573808
2,2.101,2.1621037748548977,2.1577202489429284,2.6665873968292395,2.8033326,2.8042526,2.058638,2.0481372
2,2.117,1.8611727988740374,2.118303496478821,2.8376594898652048,2.7059798,2.7802136,1.6663625,1.9832418
2,2.129,2.3400117128765356,2.2074330384253082,2.4702988437419986,2.6682863,2.7232554,2.275966,2.083385
2,2.138,2.8534470544236856,2.6979762020948455,2.515612319300182,2.119621,1.871838,2.9357696,2.6460404
2,2.167,2.1328099839481034,2.1719432630799895,2.4316949225607654,2.2410798,2.1760116,2.0215683,2.0703585
2,2.192,3.3883227455372262,3.293496527531965,2.3754504433654198,2.4603927,2.562171,3.6303306,3.358678
2,2.218,1.7275996375273712,1.9803257132866077,1.9285610187190692,2.0373015,2.037486,1.4973295,1.8467748
2,2.235,2.0187853630181043,1.937030324767791,2.977801633762251,3.6269798,3.8285213,1.8706045,1.7853086
2,2.244,1.8251599974309096,2.0725847352610045,2.468271300184923,2.3832839,2.2623572,1.6318562,1.961777
2,2.255,1.9283146983043484,1.6991826292299632,2.7840990755290353,3.0478714,3.096368,1.7530023,1.5057452
2,2.256,2.1650116565377893,2.2811119644913314,2.7322276184098415,3.4456708,3.6613488,2.0597982,2.1769767
2,2.261,2.1957011749901416,2.082726730529031,2.7019303160883954,2.811919,2.7781036,2.1011992,1.9642637
2,2.282,2.2526310085135606,2.25236660919194,2.5929713927024385,2.4739695,2.4542208,2.1682425,2.1572375
2,2.323,3.352085391143875,2.896151501850248,2.7035875273870453,2.4192262,2.2956676,3.5857277,2.8999438
2,2.35,2.1925350393422103,2.1937917291058087,2.933064686691771,3.2733927,3.3467212,2.0963929,2.0879338
2,2.37,2.661188332591545,2.470601817139049,2.9997508566390585,3.2532537,3.3495364,2.6977758,2.4110746
2,2.397,2.166227121510097,1.966933783770866,2.922688685006065,2.6827877,2.7276285,2.0423498,1.804047
2,2.404,2.7157125053471907,2.2428107265244277,2.754156996987932,2.5916996,2.592694,2.7519112,2.133583
2,2.434,3.1821000149910605,3.21572351196876,3.1382260047579895,3.1615868,3.1949828,3.3648317,3.261677
2,2.435,1.8189607457966486,1.8603732172980796,2.7638431556137597,2.905901,2.8834941,1.6169615,1.7028111
2,2.436,2.2390113943917878,2.5348895155594393,2.473816116605761,2.6910279,2.7004535,2.1585143,2.4777186
2,2.436,3.3502400715709593,3.145148238758477,2.950653221454745,3.4698424,3.6778183,3.5882201,3.1767216
2,2.436,1.8589760342199568,1.926179373830075,2.464572953151874,2.4714384,2.3428974,1.6818963,1.7854763
2,2.442,2.178573468072825,2.1722228293746415,2.6415653633261393,2.6329842,2.6008294,2.0907857,2.0716755
2,2.442,2.4534670912130085,2.330039514228407,3.220760643391877,3.2910557,3.2504563,2.422789,2.232838
2,2.455,1.868323062753817,2.1172883801262157,2.4901014523701415,2.4102013,2.2945895,1.6894553,2.014326
2,2.487,2.535200942616561,2.626450133796959,2.784474392398454,2.8632057,2.851646,2.5383863,2.591281
2,2.495,3.1146099075669667,2.478827371945315,2.852627340544668,2.779145,2.785381,3.280941,2.4083443
2,2.516,2.998641212177824,2.7318575663224443,3.4667740900764312,3.027671,3.294616,3.0957127,2.6540806
2,2.535,2.7042961482062,2.4401880885639216,3.171780742478357,3.1973884,3.180634,2.7567134,2.3743749
2,2.547,2.116439580425302,1.9465524989135772,2.8286130295161405,2.5270448,2.5477874,1.9880166,1.7864197
2,2.664,3.125524884955651,2.9043954293708816,2.8085143763831817,2.704641,2.6848736,3.269991,2.8608813
2,2.676,1.959131022639509,2.115551222585066,2.4152061371887927,2.1957688,2.138492,1.8097725,2.009878
2,2.686,2.119118923169256,1.9235773732429875,2.4932813358093964,2.107592,2.09485,1.9978303,1.7727262
2,2.704,2.9209868663597756,2.9591735162626445,3.1016265215774164,3.1742253,3.2136083,3.0308285,2.9671185
2,2.715,1.402774900292,1.8453407906357575,3.3253663916247787,3.571437,3.6048412,1.0598321,1.6856961
2,2.729,2.806450857116023,2.7002476735301797,3.2219874222046463,3.4317162,3.5194874,2.8869302,2.6590066
2,2.737,2.485631219639593,2.552300858364146,3.133607759983275,3.266973,3.3083804,2.4728339,2.4986238
2,2.737,1.549964907098608,1.6562957444188742,2.4787684884533463,2.3701038,2.384966,1.2818544,1.4744624
2,2.781,3.568211193162586,3.315531602115654,3.9636277717024786,4.001979,4.122189,3.8830104,3.3677402
2,2.811,2.3806081075317405,3.0206293455043496,3.1357792886495393,2.9172385,2.8681223,2.3581,3.0487893
2,2.815,3.490838959959491,3.5509852348434516,3.7330072758602144,4.3687954,4.5722127,3.7697253,3.639112
2,2.827,3.8687341299410445,4.054370879626767,3.386757353471574,3.2342381,3.2500267,4.2521596,4.2266407
2,2.833,3.1145315901968695,2.932894335648235,3.554115618815681,3.100378,3.365983,3.239205,2.875944
2,2.864,3.171105365627823,2.8369580037070516,3.5441752044415518,3.0727234,3.344348,3.3122058,2.7664015
2,2.865,4.702173826543357,4.122363140225268,3.5335230845300725,3.3136082,3.2552688,5.323687,4.2661333
2,2.893,3.2973864987811776,3.2780949417534146,3.21333008846773,3.3246608,3.359076,3.5177722,3.3342648
2,2.906,1.7061918143972343,1.5126427880906932,2.2198210281494672,2.4311552,2.4951415,1.484225,1.2959081
2,2.916,3.2374801168852234,2.9648363414239816,2.8328533656579653,3.0104647,3.1934237,3.4647973,3.0177548
2,2.918,2.7132998451749653,3.3681007468805904,3.145279245723015,2.7915263,2.852038,2.752049,3.4061534
2,2.922,2.352534463385841,2.4059339785038207,2.649182990826167,2.608082,2.5333705,2.3026083,2.339561
2,2.936,2.7798850644019586,2.6403176636582653,3.0135386802185433,2.741048,2.7677803,2.838064,2.5730553
2,3.003,4.089057969107586,4.126448072792673,3.3797739042561368,2.9048753,2.810404,4.528721,4.2787323
2,3.065,3.328163102657881,3.8059391372482687,3.925995353638292,3.8166437,3.9939055,3.5517824,3.9282887
2,3.107,4.700571736367271,4.090696656722088,3.6099484329805613,3.1198971,3.2180285,5.2764244,4.184063
2,3.112,3.697230588268477,3.0491589045631806,3.4635459315586785,2.937793,3.0324657,3.9716938,2.9486647
2,3.13,2.8354432093121282,2.6973305230522953,2.515679257972374,2.3874605,2.3891034,2.935938,2.6652133
2,3.138,4.106784247801288,3.928463952706747,3.935241533257218,3.5483663,3.662138,4.5342665,4.062634
2,3.168,3.8249705751611813,3.7155399659785404,2.980048056998301,2.9940844,3.0108263,4.194272,3.8388658
2,3.3,3.0125406381103774,3.0073668720611564,3.181003270184333,3.244274,3.3861923,3.160569,3.0257497
2,3.375,2.7887228023744552,2.959896074079847,3.1844063707033765,3.1961052,3.3262262,2.8644931,2.9692092
2,3.507,3.4682802836460205,3.44769055003483,3.1956686165766204,3.3151605,3.381965,3.7364442,3.535145
2,3.513,4.270337614033217,4.480028185367393,3.3176720120673306,3.3793602,3.5352623,4.7752028,4.6919327
2,3.547,3.307120951421912,3.284987754721124,3.233339515520745,3.3069763,3.35329,3.5295534,3.341397
2,3.562,2.6861877442425075,3.1411349879051653,3.5368298522526413,3.1256266,3.1384685,2.7114296,3.1328292
2,3.6,3.1047635909623255,3.2745141033920397,3.4934369299572445,3.3400693,3.3265462,3.2624176,3.3326485
2,3.614,4.764677588529514,4.525188051752669,4.015826331689816,4.1683373,4.0331616,5.430032,4.739792
2,3.731,3.6715252173455744,3.7775998483464654,3.249530965063062,3.69526,4.0519924,3.9748888,3.8590648
2,3.812,3.6639735282547536,3.620636362783857,3.401148562780298,3.6639965,3.7996829,3.984766,3.7255142
2,3.859,2.8048995190545654,3.1926095099385994,2.8923911492835472,2.591337,2.514284,2.8832948,3.2411332
2,3.869,4.041900527671051,4.066026507541398,3.742851033410888,4.1204176,4.0849633,4.454889,4.2703
2,3.881,4.379882102707878,4.2610844117309545,3.4892929036298876,3.3889637,3.1536484,4.8941464,4.4328814
2,3.891,2.9338892009959063,3.4516661729954143,3.4202077769479695,4.1736994,4.153566,3.0746665,3.5543044
2,3.923,4.263839871532811,4.277224383776485,3.821930770374077,3.6850784,3.523347,4.7406473,4.4334917
2,3.951,3.8130768643824897,3.518122963055793,3.1767037851823954,3.3900752,3.5759923,4.172904,3.5892088
2,3.966,3.727219111274709,3.809978117138718,3.303390277199553,3.3994117,3.4758794,4.070221,3.95051
2,4.007,3.9632067498374357,4.019030256654128,4.033267441995565,4.408065,4.593706,4.3660464,4.155623
2,4.011,4.391033102894131,4.170280030580461,3.961917846680857,3.9508247,3.8920052,4.9311085,4.3297253
2,4.028,3.1145898338726044,2.4634523618765507,3.438081491048484,3.5161376,3.6707134,3.2676206,2.3747804
2,4.057,4.428870162674039,4.583945097481655,3.4592572884299555,3.5840607,3.7532418,4.966843,4.807225
2,4.095,4.245908297010249,4.250375828703969,3.768296294109807,3.9835994,4.1907578,4.7112584,4.475057
2,4.227,4.559237210134398,4.211878544473839,4.219107513002056,4.1082134,4.1579523,5.1310515,4.372617
2,4.238,3.8046766234772473,3.9341033722775878,3.6642782972838033,3.3041275,3.327517,4.1629434,4.0725594
2,4.446,3.8707039101998526,3.999757488900811,3.86279189692429,4.279321,4.450841,4.300075,4.181495
2,4.6,4.642026508693952,3.992732967764872,3.2139919265926227,3.484603,3.6277454,5.243544,4.141786
2,4.606,2.3699093643436067,2.502128458123237,3.701047080442291,4.8628674,5.077621,2.3027053,2.5107563
2,4.609,3.8418031556540355,3.893131930434887,3.2118142396018907,1.9897361,2.1189678,4.2295938,4.050714
2,4.702,3.2095468068264914,3.817627392984602,2.9308733789467456,2.4729602,2.3991895,3.4093688,3.9626422
2,4.709,4.034547007641182,4.194362043840271,4.02518224187957,3.8071513,3.5564466,4.480016,4.414007
2,4.724,3.9961272310849534,4.204282364652688,3.367576366658201,3.4196362,3.4880176,4.415664,4.403502
2,4.755,4.43819236682838,3.5551048222113324,3.4920054491334667,3.2438734,3.3238783,4.9668984,3.5879061
2,4.835,4.02303676491044,3.8322852381291446,4.158997382175352,4.802759,4.812537,4.4662094,4.036329
2,4.841,3.3269992714222947,3.93268541169964,4.0875710924437865,3.9949532,4.0232563,3.550456,4.104585
2,4.867,4.983103238566729,4.260267821918376,4.974327408433831,4.9385796,4.8644533,5.683471,4.433013
2,5.193,3.8246000567840825,4.107917636304426,2.9630674684174245,2.3974934,2.4872978,4.209483,4.2662
2,5.261,4.661522688218649,4.779600926038949,3.9263646993620336,4.4151,4.6036067,5.274028,5.0539336
2,5.324,4.6494986585496925,4.779600926038949,3.919199479416918,4.3892612,4.5799055,5.2566614,5.0539827
2,5.331,5.474849960330777,5.479523116115269,4.684033698980965,4.7497177,4.827503,6.309563,5.8439555
2,5.342,3.8738779006751165,3.124120265710877,3.5105797255349716,3.560611,3.788531,4.2843065,3.08466
2,5.361,3.637397391689116,3.9583057464995663,3.2031875496065623,2.384119,2.1217852,3.940434,4.060315
2,5.376,4.708989498146248,5.039839528533208,4.202405404933494,5.344696,5.2778482,5.374135,5.364789
2,5.384,5.682140673444868,5.196540776328373,4.350326535164532,4.123472,4.1726093,6.570735,5.499261
2,5.392,4.947445250650862,4.502145357209759,4.292956496825864,5.299872,5.337702,5.5868278,4.7710843
2,5.806,4.9990959379341104,5.191943074865184,3.4559702435142023,2.9983923,3.0823271,5.713825,5.4847193
2,5.908,4.007664375206915,4.533311577973425,2.8386082455548527,2.3384569,2.3713517,4.4429235,4.7650557
2,6.07,5.842131416393146,5.75010631125892,4.3746898643189915,4.5711765,4.5695405,6.818162,6.198971
2,6.266,5.0519670732634925,5.156528322984573,3.4699503800473,3.609767,3.7893305,5.7735643,5.455735
2,6.8,4.95959236183588,5.076302400617199,4.736694012967705,4.8210974,4.8992825,5.6446543,5.3743505
2,7.085,5.676759943356358,6.4834575541184964,5.739254932121774,5.2970266,5.210808,6.6056743,6.9575357
2,7.674,4.578540153267801,4.1595427143910495,3.5424701935908685,4.4296417,4.7113314,5.1693115,4.318652
2,8.85,6.339073509370764,7.987412879026423,5.400066055663171,5.9281282,5.7484593,7.4169393,8.693519
3,0.081,1.317804031111075,1.5201589937089879,2.5363299921117726,2.73715,3.1031904,1.1312888,1.4466946
3,0.228,1.0933226553846656,0.7856217303318256,2.2643935356961684,1.6930792,1.5594405,0.8286605,0.6663494
3,0.406,1.1003644473575507,0.7335224444795352,2.283362324930814,1.6953413,1.5664814,0.83615386,0.59997654
3,0.555,2.2925912741958445,1.4228899123891026,1.8931213901647148,1.4682499,1.4276452,2.3303738,1.3892574
3,0.598,1.380455153783266,0.9565124031416896,1.9042907349603753,1.9198391,2.099504,1.2016491,0.8510237
3,0.651,0.8004531640735897,1.0576637063776042,2.5684655887700383,2.5346508,2.6708357,0.5305693,1.0652953
3,0.7,1.0824594783191228,0.8648625267346024,2.4425418492802136,2.83803,3.1849265,0.8622302,0.7444632
3,0.72,1.5916000213681731,1.2419501079407387,1.1889463565910978,1.0944057,1.0016184,1.4351051,1.0643674
3,1.144,2.667302326397205,1.9832867071500386,2.986753725256138,1.4514531,1.1158323,2.7968268,1.9221604
3,1.164,1.8088970051228181,1.7153790629247128,2.6522162327757663,2.3926094,2.6470618,1.7559402,1.6646597
3,1.165,1.3912677834732776,1.2373732332716965,2.14300585910318,1.9208965,1.8225515,1.2072648,1.221504
3,1.18,1.0712423785165492,1.1362248999426858,2.2031527972397855,2.2374864,2.3727684,0.85387015,1.1428564
3,1.194,1.3270855316768455,1.247915889496958,2.1571882030450498,1.9389106,1.9643202,1.1535321,1.2428682
3,1.212,1.5009755953453867,1.6625061997002517,2.849670716298422,2.877057,3.181731,1.3552715,1.7047119
3,1.212,1.8739416326528335,1.779355921939732,2.7365604675185136,2.5585978,2.9296656,1.8400147,1.862282
3,1.234,1.7731657382289425,1.826363733056204,2.3453486791849576,1.471798,1.2245734,1.7110305,1.8640463
3,1.287,1.988260895954549,1.9090392503088056,2.861259512481318,2.6935654,3.0906432,1.9739281,2.0112011
3,1.303,1.7876094284519493,1.4118902520575718,2.622126151495667,2.3091564,2.380197,1.7045763,1.3395917
3,1.321,5.3884047828359645,5.174299075643175,4.098822135222512,3.7456913,3.8083723,6.174835,5.518166
3,1.331,1.5936000771648526,1.3309936210463311,3.1127492542063417,3.1655,3.4609416,1.4755216,1.2842411
3,1.333,1.409888636171167,1.22367327200167,2.5487588683017766,2.7887018,2.9936624,1.2702087,1.2229953
3,1.334,1.4740350357455654,1.333714514027911,2.949173509502808,3.428488,3.7927752,1.3122305,1.2617779
3,1.366,2.0108344798681856,1.7368787505279362,2.4545021884351947,1.9418082,1.8689518,2.002596,1.762783
3,1.39,1.610677044174828,1.407555380209489,3.32267828757593,3.1844969,3.370771,1.4805197,1.2265122
3,1.432,2.210513562737095,2.0183680874162437,3.1211939445150136,3.3189776,3.6787307,2.2352874,2.079657
3,1.484,1.5888431519961042,1.7963101455054393,2.812694895541961,2.8402731,3.1120925,1.463897,1.8630228
3,1.49,1.281671523678821,0.9430882958030882,1.9883569063192112,1.8855121,2.1327686,1.1044673,0.7544044
3,1.501,1.623136123022622,1.706584658438715,2.9079300067491207,2.8624508,3.1254447,1.5154794,1.7234893
3,1.523,3.0212582280407414,2.8619791540987647,3.0298694595777302,2.4187648,2.4947948,3.2450032,2.9454696
3,1.541,1.8987319450750544,1.8405562011676313,2.8121801336295253,2.9391105,3.326656,1.8579297,1.8831625
3,1.548,1.5224648283194546,1.3389468757107867,2.5208966548173586,2.4258673,2.468618,1.3695042,1.2794155
3,1.577,1.8692171747722668,1.4461708378595048,2.7061017583435842,2.3784678,2.4477394,1.8047371,1.3869401
3,1.607,1.138959481919777,1.3200483641924794,2.20981736897446,1.9148967,1.922315,0.91419554,1.2174398
3,1.637,4.170057887360874,3.848040387125816,3.5487575139415393,3.482857,3.7712946,4.676745,4.0996084
3,1.665,2.1168006492452482,1.9609898014310554,2.9906815569794136,3.0669787,3.4308426,2.1277127,1.9772713
3,1.67,1.6283844525964426,1.659095744167978,2.4422369696716224,2.3350441,2.1980948,1.4876925,1.7503254
3,1.671,1.9906888532149853,1.8070096766991361,2.951385505166436,3.144915,3.5017312,1.9696859,1.8381716
3,1.686,1.8555697984956152,2.073065196257142,3.5616613673432775,4.1852293,4.2764354,1.8009093,2.1517432
3,1.7,4.511859797052864,4.968071644747031,3.780053413645316,3.5284472,3.7987285,5.0776286,5.2559137
3,1.702,4.9159169953723545,5.003294992708462,3.9213738944864005,3.6059165,3.869142,5.582597,5.2678404
3,1.742,1.602343082641962,1.6626545382545936,2.3583583081294437,2.6733642,3.0300183,1.4914067,1.7071018
3,1.771,1.4138398282194864,1.5808644367530156,2.331084630619694,2.1941133,2.226518,1.260026,1.6003684
3,1.776,1.9734965489160747,1.8938234777174494,3.012649168956726,3.2557433,3.5310817,1.9445746,1.9213691
3,1.787,2.0784138447512444,1.9227369578525293,2.735838508233713,2.7271347,3.019532,2.0860736,1.9060597
3,1.818,1.5263791082074452,1.720511523952032,2.984796960904949,3.3321755,3.670825,1.399604,1.7384264
3,1.835,1.8279656568920728,1.8868583823916796,2.6934385807258425,2.4446268,2.728691,1.796617,1.9404418
3,1.871,1.8926024919228817,1.8040058743980856,2.7928447156496756,2.5718462,2.8717597,1.8620381,1.878046
3,1.873,3.7861500200681144,3.5005822278380494,3.0656128223961585,2.6415665,2.8018928,4.1958275,3.6268063
3,1.88,2.1024643922217905,2.054571253519955,2.6844942137555456,2.6742377,3.016638,2.1111119,2.1568413
3,1.931,1.8339194283355298,2.056108452977431,3.6174873425921517,4.2756906,4.332315,1.7729919,2.1361027
3,1.951,4.9159169953723545,4.980785720954749,3.520349244531137,3.008885,3.3379283,5.5959945,5.1944556
3,1.962,1.859617578154659,2.0194136941220115,3.583700827441976,4.218835,4.299013,1.80778,2.0905287
3,1.965,2.259687315386194,2.1608739626246893,3.2185452923389324,3.3906584,3.7404892,2.2953873,2.231381
3,2.012,2.1544687549220862,1.9561743389765074,2.644766504209248,2.9464126,3.3496587,2.166071,2.045385
3,2.03,3.7471443161819478,3.749456665013694,3.4760281590218423,3.6287694,4.010785,4.145076,3.9362905
3,2.044,1.6259045556445197,1.4286156869500812,2.8090695408485664,3.200365,3.4381142,1.5140505,1.4874334
3,2.114,2.1132850087194113,2.2792116637569944,2.6868476648709123,2.5083473,2.8437548,2.1314936,2.3794763
3,2.115,3.6011434776886873,3.5557527323967295,3.2408486608210514,2.9741623,3.3641682,3.9699087,3.712323
3,2.143,2.7234950350731024,2.267852666229349,2.8205151154776305,2.456836,2.8207505,2.8776448,2.3648748
3,2.156,5.357583141647458,4.370846213960159,4.023431083643854,3.4966702,3.6739707,6.180581,4.5218573
3,2.174,2.498874612604183,2.3111726970368327,2.7210343483931005,2.6679435,2.9583642,2.6079147,2.3738313
3,2.175,3.816775931522579,3.550512788325178,1.4902839842812268,1.3,1.2948303,4.241293,3.7167857
3,2.203,2.4874753342005316,2.39783535185222,2.4937482441495784,2.2451587,2.1532726,2.6145585,2.511617
3,2.222,2.0560055542006808,1.954198316472152,2.6324681250469504,2.6603906,2.8943176,2.062745,1.9974837
3,2.227,2.027407255478635,1.9831551378703498,2.465301878788741,2.2771523,2.1916432,2.03832,2.0537155
3,2.266,2.1350609444991893,2.1837133522524996,2.7747621072756052,2.7492487,3.1051674,2.1484067,2.3093014
3,2.27,2.5427481318992777,2.38224973287302,3.31063739996032,3.4699125,3.8239522,2.647268,2.462228
3,2.27,2.6243813866377383,2.486622262895512,3.2670828052298857,3.2827208,3.5312033,2.7518742,2.6351027
3,2.298,1.6492543134349216,1.7764219619542256,2.9035011071918326,3.2616816,3.516098,1.5388862,1.8856537
3,2.313,1.9704942518944082,2.0557443378602454,2.889308247271912,2.5268428,2.4134052,1.9359919,2.1063366
3,2.322,1.2930692207820742,1.2790472978376033,2.576602521556477,2.8618457,3.013055,1.096167,1.2981981
3,2.345,2.787428321821319,2.376270847475444,3.000209957497593,2.678919,2.795592,2.9346354,2.4288368
3,2.348,2.1784403599382745,1.9250008381137609,3.2495409487917764,2.889885,3.0395188,2.1823254,1.8457701
3,2.424,2.660601074496399,2.4738298184991674,3.121758811298332,3.5252542,3.8615584,2.7938607,2.5755613
3,2.426,2.1666888552410173,2.2465154264131155,3.147853960444383,2.8238707,2.9183128,2.1970098,2.4002762
3,2.433,1.9653400926656803,2.000869130733086,3.0017109061616623,2.8936548,3.1593146,1.9298506,2.0581543
3,2.448,1.4499196679831865,1.5630890867706548,1.8709513427831137,1.6584411,1.7978163,1.2642639,1.5652755
3,2.473,2.6279621643387467,2.633932331256748,3.184685690487697,3.4682164,3.7851677,2.755366,2.76732
3,2.489,1.9138806033942592,2.1098764691902954,2.6731825197736017,2.8010373,3.0404558,1.8877592,2.2009265
3,2.509,3.5962565111720655,3.91821296851127,3.439354264896727,3.499372,3.8507042,3.9605575,4.1373396
3,2.538,2.430400072258092,2.6519016909026885,2.9620583650988452,3.1607406,3.437267,2.5110357,2.8552544
3,2.581,2.439404042550117,2.530601316876178,2.6466785996495212,3.3546653,3.4602137,2.5359418,2.9365377
3,2.598,3.850413079768739,3.92192004122181,3.2849809017427525,3.2195702,3.425014,4.2659097,4.148781
3,2.621,2.3631631530933253,2.5575596942190595,3.21439428194388,2.8628118,3.0957108,2.4250603,2.7090478
3,2.622,3.1756528553734684,3.177855950676647,3.243234879951264,3.477302,3.806608,3.438703,3.3749256
3,2.635,2.6635099048612423,2.5168849336055152,3.151109859344992,2.933335,3.114253,2.823353,2.683232
3,2.647,3.9545835379351137,3.866070744136664,3.3692791839671017,3.2292216,3.6130707,4.4089556,4.083126
3,2.659,3.242037842061065,3.0446999178880816,3.1493036486408665,3.1085358,3.3165789,3.5105405,3.2140796
3,2.673,2.834934905905506,2.9281832225446767,3.9153931816377545,3.7861316,4.108865,3.0012095,3.0081937
3,2.821,2.5214988941579954,2.6291406306855705,3.0868136571445484,2.9754286,3.2453213,2.6193855,2.773791
3,2.831,2.766677888559085,2.6182242312366237,3.2482686602176374,3.5085332,3.8272223,2.9270387,2.733104
3,2.869,2.825979718598231,2.6859530822863604,2.8672906029722043,2.5140064,2.8164191,3.0222533,2.8082833
3,2.896,2.772053723002624,2.6136634405884784,2.562978027359161,2.8655727,2.894597,2.9393125,2.7553656
3,2.901,2.6068010457008812,2.6876391826733457,3.057716322824085,2.8270724,3.1705036,2.7376235,2.8918734
3,2.928,2.6052256064214694,2.5880172444941962,2.8074210528034547,1.552235,1.2082473,2.7252347,2.6986508
3,3.029,1.952801898593424,2.675798839371453,2.9555830373483767,2.689986,2.8416283,1.925571,2.815195
3,3.042,2.546852061992083,2.4171535847509924,3.5510871006893248,3.6822376,3.7988348,2.6729934,2.5866003
3,3.051,4.099187403134059,4.756267617532137,3.5166238026755208,3.092034,3.1072352,4.588866,5.040948
3,3.052,3.5932572944963734,3.2986203957696474,4.011497499322212,4.585596,4.603784,3.9588523,3.484077
3,3.109,3.2680220443723926,3.11902768715649,3.2923650402229585,3.5562506,3.8756394,3.5539103,3.302588
3,3.123,2.3416073145987015,2.492632569909477,2.6638281922130043,2.4206226,2.4186847,2.4238439,2.626442
3,3.125,3.5635816166541066,3.5977261274290995,3.2054613878404754,3.3331218,3.3712525,3.9137282,3.6989472
3,3.138,2.7502735432025065,2.7605244197869836,3.566271670741868,3.045628,3.4477887,2.9011328,2.760175
3,3.151,2.752721949657232,2.9775036668446395,2.942307768154881,2.6375515,2.9773107,2.9154806,3.1614873
3,3.167,3.815615908020339,3.3234885103476675,3.238049886206077,1.8374321,1.3661147,4.20195,3.3639638
3,3.172,2.6458493641022347,2.9517687028537525,2.731974044258005,3.0632432,3.3333504,2.784983,3.1841497
3,3.183,1.8624742426574485,2.1003347898880746,3.2928354536514735,2.907297,3.0835466,1.8199027,2.2078717
3,3.19,2.692972118883622,2.491031826724062,2.831643960081448,2.76928,2.686884,2.7956288,2.5941293
3,3.191,2.5708103937533715,2.6649666834671746,3.081003860500092,2.9377472,3.1965506,2.6818616,2.8202121
3,3.208,3.044080700271834,3.3411044028880994,2.4779257961791505,1.6309146,1.6125273,3.3430529,3.6802962
3,3.209,2.0966900442168814,2.277810683347468,2.403075320050312,2.2454767,2.3206656,2.0895905,2.375769
3,3.21,0.9969709170860448,1.1635952533393636,2.458679535333175,2.2805207,2.0918853,0.7626945,1.2047554
3,3.217,4.079676415328416,4.315342201851314,3.901877033110927,3.6224468,3.991343,4.5456457,4.664144
3,3.236,2.8091708925333045,2.6609179590665937,2.723318294038407,3.053357,3.2767515,2.9875903,2.8929858
3,3.259,3.7755590879438983,3.8111545952617316,3.4732942519588494,3.2631354,3.5239687,4.1798925,4.0585823
3,3.272,2.8235837312878,2.6411194434025247,2.909225524890722,3.200675,3.2460556,3.0241244,2.97322
3,3.283,2.711338010624668,2.4917790106747284,3.2251075938461318,3.5926821,3.930178,2.8556564,2.5826828
3,3.321,2.2449524880119025,2.3310246507721653,2.652351666603174,2.557298,2.7360752,2.2833846,2.480773
3,3.34,2.8393738589499957,2.705531789631935,2.3028320391211627,1.97502,2.096562,3.0393956,2.8360572
3,3.344,4.1503196164673115,4.186806981348507,3.2690712068416325,2.841607,3.07079,4.6370497,4.39992
3,3.385,3.6032586143387904,3.2986203957696474,4.0293103353948965,4.5817194,4.6106815,3.9715405,3.4805214
3,3.396,4.154945333935736,4.315342201851314,3.937471452700262,3.6879175,4.0350323,4.638657,4.667998
3,3.44,2.7283701408761694,3.124862828317162,3.2836694069697288,2.8857388,3.1418285,2.8759303,3.353612
3,3.462,3.3097942776192246,3.373863733957214,3.2153434574070436,3.0015733,3.2739677,3.591374,3.6262016
3,3.502,3.219812873845653,3.4113179397207634,3.9294810703859833,3.2199364,3.3687158,3.5137794,3.4501514
3,3.519,3.4093149381116126,3.1105374727684643,3.2100730656837917,3.116832,3.31983,3.7166705,3.2678673
3,3.536,3.527784926089101,3.4713423590552046,3.283754224869699,3.0535412,3.3533695,3.8692815,3.7016473
3,3.556,2.421481729849896,2.472137269035823,3.252003342075139,3.205398,3.4564443,2.504722,2.534894
3,3.593,3.860940422683961,3.940992035264091,2.7722219104986614,1.5281196,1.2662052,4.2857113,4.2061167
3,3.613,2.2617923131338413,2.318483176189814,2.328808580891756,2.2634654,2.428883,2.3510885,2.6366532
3,3.649,3.7606763091929425,3.789280454902778,3.0641354906717932,3.0752738,3.2356899,4.1642504,4.058274
3,3.653,2.4974040509780258,2.8565194022132743,3.553400544395495,3.3727875,3.8434381,2.5907888,3.1294842
3,3.665,3.9245627084185983,4.142498830311643,3.801472796003929,3.9002178,4.2484655,4.3541803,4.354797
3,3.667,4.022896971797364,4.077064295499893,3.3655661666045242,3.2454534,3.4717872,4.4803257,4.314637
3,3.667,3.3619623437109416,3.223445357057275,3.2106681747899795,3.0208325,3.3089128,3.662052,3.4366255
3,3.719,3.0282721592169457,3.405345583349124,2.685903709061921,2.7089527,3.1403477,3.2573302,3.5403733
3,3.731,2.2210422807841885,2.7150967692172334,3.4059758990170703,3.7250025,3.9020696,2.301497,2.7218468
3,3.833,2.677848352071059,3.0506136300951963,2.959202103651004,2.4985566,2.4555533,2.8236277,3.2110095
3,3.98,3.0405383912771136,2.9825236040596543,3.228221326771821,3.3040836,3.6567345,3.2675023,3.1721005
3,4.038,4.263622147924875,4.261388760968586,3.655337094763169,3.251474,3.2209883,4.7655473,4.440432
3,4.056,3.9694735581420613,4.093320664662796,3.492587758936245,3.6552835,3.9753723,4.4280214,4.3689733
3,4.074,3.7321111292324662,3.494105586893276,3.2634220246854366,3.0807128,3.3726559,4.1249075,3.7424545
3,4.28,3.201498306565783,4.082774051224094,3.5148235659152576,2.642028,3.0215275,3.479938,4.330141
3,4.358,4.465814747780875,4.431358254737626,3.713615728505263,3.2709904,3.2503304,5.0175047,4.615203
3,4.392,4.351071325252926,3.9753043506386563,3.9552969308618167,3.8005369,4.1686163,4.883335,4.1357174
3,4.432,5.006450470442567,5.1591036588877515,4.064938938757447,3.68652,3.8747275,5.677863,5.42535
3,4.453,4.397416291447518,4.057145833503683,3.991994101718631,3.8241236,4.10653,4.943736,4.175573
3,4.47,5.171715096591913,5.1545228229458715,3.860604961815808,3.5111527,3.8186588,5.883457,5.4883614
3,4.474,4.300270905151654,4.397387255821133,3.921378079897768,4.6754026,4.9070435,4.8579025,4.744282
3,4.545,3.368493146041348,3.2833627296618477,3.169904029397763,3.9450166,4.065547,3.718833,3.7052264
3,4.675,4.213857621182317,4.13346448048811,3.7759050393194222,3.78574,4.0742116,4.721548,4.3912735
3,4.706,4.138115474375523,3.843408557187004,3.51907087028595,3.3203926,3.7162728,4.6338186,4.024326
3,4.857,4.166487877473834,4.5419805458229785,4.097209503205722,4.181789,4.3855977,4.6748686,5.002296
3,4.969,5.603908954632241,5.195876905752085,3.5571800517254717,3.0657527,3.4030995,6.4398766,5.525261
3,4.991,3.748817435074978,5.094513148828303,4.699694852397232,5.3096986,5.1514206,4.1857367,5.580538
3,5.027,4.362328172332149,4.633400551060578,4.305384863311875,4.2932234,4.4663754,4.9198303,5.054037
3,5.087,4.325993957087229,4.489085889202312,3.9229013127386887,4.9991007,4.998501,4.9790764,5.204811
3,5.091,5.04303054081589,6.111350991445573,5.026068633417015,5.4661756,5.2958875,5.814871,6.6840343
3,5.154,4.411032119138602,4.056348595331185,4.044884669039057,5.3906927,5.432521,5.016369,4.368085
3,5.176,4.597022029770544,4.279578826485276,3.65301679150834,3.7313557,4.13251,5.19381,4.6072874
3,5.179,5.004541021139989,6.111350991445573,5.030998670272108,5.484867,5.31243,5.767395,6.67964
3,5.188,2.694504531945924,2.683153993764547,3.0218879440723185,3.088308,3.5421329,2.8516614,2.7873247
3,5.202,4.2711944809018805,4.320611525241024,4.313261996313252,3.7410657,4.1205974,4.8274508,4.6442456
3,5.211,4.748226056227906,4.594225821002427,3.678337676889054,3.6859543,3.854066,5.323872,4.948374
3,5.286,4.5535133398184815,4.57736501595656,3.9339238950005875,4.160345,4.4107842,5.145686,4.8803835
3,5.379,5.336543239563953,4.907336585806897,4.536915632173078,4.4600964,4.5497274,6.092452,5.2736692
3,5.741,4.239050296863303,4.280826322614945,3.5317606634885275,3.2352874,3.540915,4.767951,4.4849353
3,5.829,5.479635999832791,5.242457924395633,3.8539370975445135,3.7954106,3.9663963,6.2043686,5.599251
3,5.874,4.754074395090264,4.654089870067352,4.445826781093907,4.4954095,4.7887874,5.3967047,4.9869566
3,5.884,3.9014250419859824,5.251981188609374,4.7985289661865185,5.3993483,5.2398777,4.374975,5.7525506
3,5.932,4.290241298668057,4.2327533251333875,3.5685756485063727,3.2247515,3.5397885,4.813285,4.525421
3,5.938,5.100267929836436,5.004191480307539,4.563563569388542,4.5219793,4.773547,5.828185,5.378662
3,6.045,5.5142135270954675,5.27402364754284,4.24632535332594,3.8546388,4.1142273,6.3268065,5.61817
3,6.047,5.262129530732732,5.282477401550734,3.7947673056527873,4.557617,4.653179,6.031666,5.6827097
3,6.063,5.808458933236203,5.765445808710366,4.752440497282196,4.6888885,4.8878536,6.713743,6.1971397
3,6.093,5.385520996606811,6.148256654587488,5.133227809373581,5.557743,5.3708935,6.2469854,6.699813
3,6.116,4.551908744528917,4.6344577717845965,3.2971231900971296,4.8385415,4.926617,5.157269,5.1099052
3,6.127,3.9508201092490074,4.065821424424824,3.480559935891761,3.521617,3.9755225,4.4084406,4.3780613
3,6.136,5.398667366496076,5.499830194836864,3.8315728174492065,4.5973234,4.6987762,6.2015724,5.9387236
3,6.176,5.94881981648497,5.711456787148126,4.267627967098606,4.5820227,4.747022,6.861229,6.3013535
3,6.475,4.117647014437989,5.062340896176613,4.832875359972522,5.4113283,5.244565,4.6469016,5.511733
3,6.767,5.436765752656958,4.628508529745869,3.571723699255655,3.0765743,3.2575946,6.215206,4.943142
3,6.921,3.708551082308599,3.817378724416681,3.1274916109138937,2.9331844,3.2322857,4.099204,4.07913
3,7.004,3.8646937640194015,4.569705697644921,3.4702029552412856,3.5867677,3.9333878,4.295882,4.8779745
3,7.695,5.877146796161772,7.01156629870383,5.230868057831499,5.4398003,5.3174844,6.8421116,7.6849394
3,8.681,5.673527431875714,7.3951109284148835,5.096913346707506,5.4206934,5.3033648,6.6314955,7.921484
4,0.009,1.1535827383523338,1.0479097751834314,2.1359413937985496,1.6836197,1.7062006,0.69961643,0.76469135
4,0.015,1.3863251314160474,1.1493481794506368,2.034169366537172,2.188736,2.4247541,0.98171735,0.88057995
4,0.138,1.3316465532771837,1.435034844545183,2.2028710718616935,2.3290832,2.595331,1.0320091,1.3539041
4,0.158,0.9923114436093958,1.501374619701734,2.4228967415518428,2.9215753,3.0330787,0.8083955,1.4532566
4,0.335,1.5493535385969077,1.3779154893730192,2.2817801046278374,2.7641978,3.0589025,1.2586735,1.1966205
4,0.346,1.0616956522031857,1.070668119180245,2.003693155603107,2.135058,2.261229,0.62009907,0.7590902
4,0.417,1.1239048178253828,0.7077956379092387,0.9377297170118588,0.08904719,0.0733304,0.45205092,0.26764083
4,0.458,1.0249864540538742,0.9864554837696602,2.15860878535997,2.741898,3.1523156,0.6775005,0.8193704
4,0.51,1.0255880027994717,0.7438248400796414,1.9375781434699608,1.6571302,1.6942431,0.5523567,0.44290423
4,0.545,1.1223939652799706,0.8612932492543843,1.57834159574973,1.6162622,1.7090957,0.56780267,0.60815334
4,0.618,1.1511809902558334,1.0249581099131873,2.0355686521368446,2.035073,2.136496,0.77253675,0.8089243
4,0.685,2.7709304416974834,1.9047351891838753,3.268054454391384,3.49249,3.7509968,2.6979792,1.7691808
4,0.712,4.58218909652081,4.012049761099345,3.993974349096103,3.5232377,3.7197595,4.831316,3.975801
4,0.87,1.5470275932730075,1.6518499360172272,2.4371462780955966,2.4111743,2.3789349,1.4866409,1.8533432
4,0.895,1.5491868312586488,1.5374927802733236,2.092982980841191,2.404954,2.6162102,1.31025,1.4512358
4,0.899,1.168978991449562,1.2944207504953738,1.67387725426002,1.8152761,1.7737011,0.8599887,1.1196759
4,0.958,1.2294690491953475,1.4548281255945785,2.4049910471908063,3.132503,3.3276045,0.8645904,1.326942
4,0.997,1.576704199413489,1.8121468298061816,2.9768231381534878,3.596049,4.085911,1.2502637,1.6610016
4,1.017,1.4743738962101924,1.1231531565839343,1.7133202569197536,1.6675315,1.5984049,1.1607169,0.9246775
4,1.029,1.7247492232219483,1.7186612765994471,2.476693585222606,2.443781,2.6677735,1.4201431,1.5793055
4,1.088,1.0470618573182375,0.9013498700259703,2.1695507175681006,2.4780364,2.845284,0.6618233,0.6440525
4,1.098,1.5802775063535117,1.8075801133753346,2.2648780799477772,2.5983937,2.9049072,1.279391,1.6823586
4,1.129,2.180744027074377,1.9571416217445925,2.7355174406447467,3.112678,3.4450216,2.0066948,1.8452978
4,1.131,1.5024106192133002,1.504447437195135,2.504100641141367,2.6925845,3.0455725,1.176762,1.3276918
4,1.14,1.5196651810386743,1.3864806392869624,2.824872709018038,3.4680483,3.9453611,1.1834651,1.2007011
4,1.147,1.5392505620805,1.326277535345665,2.5728568173559263,2.781557,3.1855552,1.1830368,1.0971144
4,1.15,1.5331187689842596,1.3875282023703863,2.0973410553184877,2.4054983,2.767168,1.1957585,1.232671
4,1.209,1.5807771561090542,1.7053112156478638,1.9170849257955709,1.4660724,1.2112612,1.3000216,1.6354074
4,1.232,1.575434659256083,1.6412466033365711,1.9669695902826567,2.0480556,2.3183515,1.4089304,1.6353283
4,1.238,1.465277481652902,1.4401970215806836,2.743569104750497,2.8970685,3.1334128,1.1148742,1.2513633
4,1.248,1.5358378130811017,1.5941213902075524,1.774234403980463,1.8027081,1.770813,1.2436861,1.4425002
4,1.271,1.3868580479032924,1.3392654169715703,2.213813208187847,2.944006,3.3440707,1.0479735,1.1434098
4,1.352,1.4500267592939862,1.572008438030851,2.270056761787479,2.3539217,2.6186516,1.1641028,1.5231912
4,1.379,1.0523280072131587,0.9594552302182413,1.7653760443969506,2.2303102,2.3974166,0.6066041,0.6825304
4,1.379,1.603271842045815,1.3651237262649776,1.9860595680051967,2.0863323,2.0354729,1.2470597,1.061166
4,1.381,2.473143675647181,2.3345402560628936,3.037470323916689,2.78397,2.94409,2.2953618,2.2084455
4,1.413,1.531306359941351,1.3159006176767503,2.4340579977660544,2.6803179,3.064243,1.1732084,1.1076268
4,1.43,1.66951383836412,1.3874113258941378,2.072692519732528,2.3675895,2.5665686,1.4212809,1.2401367
4,1.507,1.44598678327987,1.5815231586790166,2.4578297755886274,2.6545563,2.9326072,1.1049753,1.4220201
4,1.522,1.4210397138827666,1.5217072075207483,2.139892853943357,2.6096435,2.841226,1.0929378,1.3752015
4,1.528,1.6759281099285586,1.7980050436155637,2.5602109548147634,2.9648771,3.325438,1.3904219,1.6752102
4,1.564,1.4919026444364287,1.559810361258003,2.2743180234654403,2.6480958,3.0262449,1.1869448,1.4133308
4,1.567,1.4417627036131186,1.7123990064490522,2.9228355660310887,3.6750498,4.0537715,1.0922748,1.5497086
4,1.586,1.813041978393815,1.7183327660782708,1.8808773370937746,1.7084218,1.6967251,1.4436728,1.5902272
4,1.594,1.919926399134074,2.0521524325757063,2.031740481986896,2.0345087,2.3574772,1.7055111,1.9655519
4,1.621,2.0493690935339464,2.07245371828509,2.0097282966375074,2.2190042,2.5922468,1.8639311,2.014561
4,1.63,1.8240385674924717,1.5077191275930395,1.5653012195245983,1.3681221,1.3569783,1.3885357,1.3250926
4,1.636,1.9578882838892913,1.8533025859141776,2.2251356906114323,2.3393269,2.6596272,1.7739793,1.7785575
4,1.693,1.1734910899373594,1.9834285395008657,2.4736637080650037,3.3928266,3.7533185,0.9073354,2.0023887
4,1.729,1.67708994060805,1.649551386661083,2.446101335412543,2.6238403,2.9963675,1.4497213,1.5764004
4,1.731,2.2092850607199974,2.069490142268788,2.3320413951871775,2.0816493,2.1423416,1.9373777,1.8094411
4,1.731,2.204045609066432,1.7891957254241084,2.7941796371182406,2.8464642,3.1396468,2.069425,1.6846141
4,1.731,1.4268444566559115,1.6658163016108987,2.8465643455117258,3.4956799,3.859282,1.0587409,1.5026371
4,1.759,2.036298654724998,1.980002446247938,2.653868645842122,2.5576704,2.7816975,1.7945789,1.8585494
4,1.766,1.1904211139527194,1.2643946014411511,2.0531393875051656,2.5743191,2.8044608,0.8100846,1.0632287
4,1.848,1.3301715791858333,1.9467353249953794,3.5325118374629407,3.531776,3.5801077,1.0640442,1.8298265
4,1.849,3.3575918408562524,3.0956212119735262,2.6057001450680044,2.520937,2.6047378,3.3657475,3.1623716
4,1.858,2.49060906266231,2.420643903296578,2.716028668420168,2.8423164,3.1342087,2.4237149,2.397512
4,1.863,1.751163903348564,1.8036278409717368,2.4311157577134153,3.2337072,3.6639366,1.4994931,1.6858333
4,1.909,1.9514606569138855,1.5146711128902872,2.4668808080576277,2.539685,2.8296378,1.7593274,1.3746822
4,1.94,2.1862294640668525,2.0559608602153157,2.5337664441588763,2.9984975,3.4229782,2.0525062,2.0116951
4,1.984,1.6829754408827424,1.8259631227954185,1.8865646119482127,1.789051,1.7455488,1.4094821,1.7105513
4,2.003,2.528973117873873,2.5463804907130507,2.767800028320943,2.9216075,3.2120202,2.4646025,2.5474653
4,2.006,2.448012034333682,2.1418588716938807,2.675572195391481,2.452192,2.6490774,2.3022513,2.0268507
4,2.054,2.3411775088048574,2.236192201809012,2.686337454048198,2.8499978,3.1548748,2.2353396,2.188049
4,2.081,1.963580468626449,2.0397826607364404,2.8680466934620816,2.9049785,3.2054398,1.7429279,1.9854021
4,2.083,2.3947892184030923,2.4949990987275217,3.028161814392625,3.1444128,3.3138652,2.2427323,2.4513412
4,2.102,2.1273629796002886,2.043869394385976,2.342641480287108,2.1111305,2.0558136,1.9039886,1.9122314
4,2.104,2.782333201229096,2.5715639470298903,1.8503988591405967,1.7728835,1.8734643,2.7921727,2.5058515
4,2.165,2.47044428416532,2.476247116398126,2.424010743561544,2.571134,2.9426997,2.41459,2.4856794
4,2.172,1.5565088175401862,1.8375896765802,2.820280874818028,3.2527614,3.6104615,1.2623606,1.7547443
4,2.211,3.8623021205193373,4.185186731381786,2.7499474270522124,2.4480314,2.4831297,4.008703,4.36042
4,2.212,2.5241135908449035,2.5479478649906944,3.0340923770566164,3.0721998,3.2647328,2.3903687,2.5078893
4,2.223,3.3436295279865718,3.5373429832725467,3.331482180544248,3.9545207,4.3732634,3.4325445,3.6360664
4,2.23,1.8398031277920621,1.9673135427541761,2.6388849287367537,3.1130846,3.4766674,1.5982684,1.890976
4,2.232,1.393506301417738,1.1915206036575035,2.3026174275364024,1.9534537,2.0675848,1.0563153,1.117509
4,2.239,1.9614846795350669,1.996827462100745,2.421918616876187,2.6031926,2.9888978,1.7907552,1.9420663
4,2.24,3.199665159646589,2.8689322643687456,2.8581433955308353,2.4313343,2.6446388,3.0860195,2.827834
4,2.257,1.9852901889028916,2.0512030393679748,2.459131603538008,2.7931547,3.1782985,1.7964324,1.986907
4,2.269,2.139654250384012,2.190129984901095,2.463046025821203,2.5883117,2.9315877,2.011649,2.176427
4,2.282,3.372221318087533,3.387812359809011,2.533690606847841,2.3916423,2.7013562,3.4182658,3.4591722
4,2.313,1.68877872335833,1.7585617800095878,2.263534661755045,2.2979348,2.5522547,1.436905,1.6813725
4,2.328,2.4561808197197563,3.441716851497417,3.43241156725219,3.5851283,3.9010448,2.3223848,3.3807163
4,2.362,2.0893819814459462,1.9327914032350675,2.460206662298075,2.7285228,3.08876,1.922044,1.8391956
4,2.402,2.9488671684074856,2.921755922617996,2.962920862406671,3.408441,3.7887778,2.9532552,2.977282
4,2.457,1.4773911748234834,1.5196098792694126,2.2615991895102168,1.9667108,2.024503,1.1428571,1.3588442
4,2.458,2.011692696514462,2.028725341705564,2.329361475198641,2.4158556,2.7035851,1.8035078,1.9269519
4,2.462,2.588277419422523,2.495447387524175,2.7751619709634316,3.0810888,3.249619,2.4851313,2.4261053
4,2.462,3.7172525944995862,3.3305483956238184,2.7018175699499745,2.777076,3.1061444,3.9067874,3.472441
4,2.466,2.1317325734687085,2.210350186454881,2.307715411521116,2.4306712,2.7284746,1.9675565,2.1483684
4,2.467,2.3757455294125625,2.4779436959228285,3.1190199802890572,3.4927294,3.7428079,2.2928898,2.470253
4,2.486,2.0246972836807173,2.0332633339343102,2.258529966506194,2.4050012,2.7159834,1.8430585,1.9623032
4,2.498,2.231528919584638,2.2194448966339744,2.327644694575327,2.4750228,2.7911224,2.1050432,2.172954
4,2.52,3.2438662552832334,2.8006465196345327,3.262970652404956,2.8682005,3.2425694,3.225477,2.7250476
4,2.52,1.9501148969897875,2.0511646385133107,2.577134835302378,2.658867,2.7288811,1.7954823,1.9905708
4,2.525,3.2470028966329902,2.781547111803286,3.228208557505912,2.8284235,3.186155,3.2271228,2.697882
4,2.572,2.405201016597304,2.2596079321778717,2.5502111798051965,2.678228,3.0328863,2.3394072,2.2660415
4,2.584,2.5118315050622453,2.5439653775716127,2.4639389594538286,2.551346,2.8681018,2.4443793,2.5415576
4,2.585,2.439446382282852,2.476247116398126,2.458067692464804,2.58864,2.9230113,2.3886333,2.497589
4,2.585,2.2368513915516752,2.3002561619364483,2.2038729647991975,1.5036882,1.186227,2.0640035,2.3142238
4,2.601,3.3078396149228144,3.068293381340311,2.6805024120493646,2.386584,2.5171025,3.348412,3.0910187
4,2.611,2.029837572063191,1.9320166053181782,3.198551671249409,3.3160715,3.063455,1.8313594,1.7552937
4,2.622,3.4369689440187114,2.7463758459128442,3.189500530249793,2.7234397,3.0757396,3.4509332,2.6344094
4,2.628,3.52361838487709,3.042795715229267,2.5745939570237795,1.6782653,1.3766575,3.5749745,3.041841
4,2.638,2.8136091974804467,2.9608909238899037,2.1042148485673096,1.7418637,1.7978996,2.6508517,2.92605
4,2.682,3.3232201784140574,3.2153741972461543,2.724755636266363,1.6269547,1.3821242,3.3543026,3.3299081
4,2.692,2.3638526563917988,2.434678205509096,2.483344642698636,2.6270556,2.97579,2.2922318,2.4497902
4,2.749,2.5254255624711144,2.3345402560628936,3.0798159753342698,2.8408864,3.0089273,2.3614767,2.2048705
4,2.789,2.5597185008128256,2.6172140121478282,2.6308840071373267,2.882216,3.2955613,2.5256803,2.6749525
4,2.829,2.1712098059895424,2.1126381712169087,2.633068377916936,2.8233624,3.230306,2.0321956,2.0883238
4,2.831,2.4822036415696767,2.35597059046648,3.1448561572262603,3.4156442,3.699156,2.3843396,2.3044577
4,2.835,3.895068759502993,3.1775834922299975,2.8701295674068272,2.7229552,3.0362282,4.1036234,3.2608492
4,2.839,1.9984493836764763,2.1712941937672463,2.6231852839720884,2.6006625,2.545179,1.8612661,2.0628982
4,2.844,2.563189430664771,2.6172140121478282,2.634762239616667,2.871822,3.2902737,2.5250766,2.6703453
4,2.844,2.5489303171905098,2.3723105000114852,2.547452340683206,2.6240776,2.977312,2.5091372,2.3853955
4,2.851,3.1967981165085613,3.198020796136454,3.5774953221077057,4.142151,4.4643517,3.2365427,3.2089264
4,2.852,3.1119502992605197,3.0048039583692625,2.5957877330828927,2.9123359,3.3083,3.1781135,3.0888326
4,2.857,3.7580560295858434,3.885824022369268,2.6025083991494906,2.5585976,2.7108555,3.916642,4.0044537
4,2.89,3.3513820949380317,3.1191003192429183,2.8090680243870474,3.1916082,3.2937198,3.5820699,3.3676507
4,2.891,3.327927712812703,3.207933842394789,3.3225662869918446,2.9104154,3.2650464,3.3269916,3.1590571
4,2.967,3.182598227476151,2.852620973794169,2.7881542440992777,2.6050668,2.7580495,3.1897178,2.8596694
4,2.995,2.716607332363235,2.61737051168494,3.0768377542755188,2.8654394,3.0375419,2.600087,2.5356276
4,3.076,3.16051994369393,3.2327284827971554,3.084829893959811,3.287543,3.2931814,3.3641331,3.569018
4,3.091,2.4286577224277126,2.4660791141821763,2.834397499267851,2.5682976,2.881765,2.3579557,2.4257584
4,3.213,2.5315641019330926,2.5094721761964958,2.3575764134271537,2.271463,2.3566842,2.4143,2.406459
4,3.243,2.295666621098019,2.264675485153283,2.1949600951806865,2.277932,2.3116927,2.1802273,2.256246
4,3.254,2.545750308812086,2.657081904645114,2.7182471109766495,2.9057155,3.3430953,2.501229,2.7073991
4,3.293,2.2632797442698327,2.9095682576763666,3.6377128637090443,3.6019902,3.8394046,2.1029186,2.7083771
4,3.35,3.3035123122582295,3.377035450408487,3.302156453777041,3.1841846,3.282199,3.459054,3.561429
4,3.359,3.3109583570695906,3.0654001942308478,2.9325358096414087,3.1920698,3.5598288,3.3884091,3.1360185
4,3.469,4.016342044511689,3.9601786165748654,3.7740639347209552,3.904336,4.04364,4.178837,3.9567716
4,3.522,3.842620960411467,3.862023194663776,3.414644152893059,3.4524062,3.6651058,4.033203,4.1382422
4,3.531,2.7619446817962086,2.3898272090753103,2.7839917991227603,2.8303947,3.1558106,2.7465904,2.378441
4,3.55,2.425778319879727,3.3303957895708107,3.544083490231966,3.6109738,3.9106643,2.3027902,3.189131
4,3.583,1.9193660621978454,1.9742095705578642,3.1940494020404224,3.8028464,4.2544255,1.7544545,1.9752574
4,3.624,2.5227760635597396,2.4707943034539994,2.4451194156261935,2.0273468,2.0611815,2.3921597,2.4423373
4,3.625,3.556967061921145,3.4075840456811344,2.793197416762669,3.2598,3.2967572,3.8306584,3.6749434
4,3.625,3.2135494347440146,3.297290072120697,3.7257138172365574,3.8667574,3.9516478,3.5876122,3.7200763
4,3.628,3.530437416192699,3.436593237068217,3.3688794585910258,3.1368601,3.2595303,3.686803,3.5330527
4,3.629,3.993514775341148,3.7971338669332853,2.9020192703502623,3.1314883,3.4795675,4.2371774,3.9856372
4,3.757,3.2018906733471137,3.3955233504088387,2.917034039783054,3.1154406,3.452683,3.2561784,3.5049882
4,3.786,4.07199946644662,4.208866846916518,3.0148471042664027,3.2060542,3.5582707,4.3238235,4.4369826
4,3.8,5.099643848093527,5.544632279332081,3.5828733656451046,3.264012,3.5350645,5.6349387,5.638046
4,3.808,3.926460283834821,4.3164175478014055,2.9278216010657454,2.722493,3.0313463,4.176703,4.4979305
4,3.811,2.7188738287987952,2.531676999938556,3.3114824760816175,3.5455878,3.8303971,2.6731954,2.4896717
4,3.814,3.904140029650925,4.005126404935255,3.2446139546230786,3.0557168,3.337513,4.144892,4.136824
4,3.864,3.054364948027339,2.7979594862207007,3.3654305040456203,3.7213259,3.9535499,3.0872955,2.8255038
4,3.906,3.2392172771950114,2.898375678070986,3.3039197813425307,3.3254778,3.532101,3.344314,3.0257354
4,3.947,4.6262625473326615,4.487988896262563,3.72944850981385,4.080641,4.1529646,4.967407,4.708965
4,3.983,4.217794455369237,4.193392023663526,3.124745654877509,2.6673086,2.7601733,4.461275,4.2985306
4,3.987,3.8108510802123567,4.094133114701535,2.777098877616948,2.9411082,3.131929,4.0242567,4.2393894
4,4.114,2.6919529480853712,3.4949327997113917,3.116282356939155,3.2106197,3.5350115,2.6169538,3.4875734
4,4.146,4.2195717235617085,4.308443775606671,3.3324589984748054,3.2738538,3.427232,4.441501,4.3650546
4,4.164,3.475577131585788,3.5456723717831236,3.176804314779049,3.1213875,3.4206886,3.6475515,3.6771448
4,4.186,3.276358922882011,3.2359215908901775,3.8740542958818955,4.4586463,4.296896,3.683642,3.6961474
4,4.207,3.318647386442724,3.3473277122643244,3.043802329328888,3.1292565,3.454373,3.440443,3.4450588
4,4.219,1.8940066550255312,1.558535949503689,2.7295188910293517,1.7243189,1.4186369,1.5666008,1.3821505
4,4.26,3.5663107476313582,3.5471533184144386,3.0803257902678483,3.1160498,3.4319284,3.749438,3.6688676
4,4.269,2.899012427450531,3.465468654991253,3.5059676947776257,3.9656,3.982645,3.1343956,3.8453794
4,4.317,3.7240256055440297,3.6335434577475096,4.140729344761548,5.3965454,5.7259626,3.9339795,3.6715605
4,4.387,4.190680098729273,3.7168970139763378,3.3529151013716443,3.3031425,3.5897121,4.465549,3.8497653
4,4.44,3.0270692870366593,3.2080953337484597,2.921737219726746,2.9140277,3.056845,3.0726268,3.3031278
4,4.44,3.800939943631451,4.261508093879295,3.8213068365279357,4.1513724,4.5996666,3.9746504,4.370032
4,4.521,3.476057299428382,3.2880696974016397,2.8575667359464965,2.9161427,3.299955,3.638155,3.4412112
4,4.562,4.240041595039204,4.353838605593012,3.3843495407160717,3.3042996,3.4693346,4.471907,4.3992352
4,4.706,4.207568681146215,4.349367609690217,3.102466334830991,2.869723,3.1120567,4.521238,4.518536
4,4.765,5.016343863277976,4.710198338705878,4.008818383984256,4.100682,4.3604116,5.348171,4.949663
4,4.792,4.294884423034064,4.430458871056851,4.581849678976319,4.7502136,5.0528927,4.76871,4.5735397
4,4.827,3.6160658615214802,3.7373016973528816,3.8667584581864327,4.9133544,4.952361,4.0073934,4.413067
4,4.853,5.182534188237911,5.078101081698881,3.5973751655088715,3.5185673,3.6057403,5.5741487,5.350319
4,4.911,3.468919957170352,3.556080578454392,3.6684999392293833,4.239847,4.479295,3.6675465,3.6690068
4,4.992,2.6415840618679285,2.28371091670105,3.89414253117094,4.8147078,4.9083858,2.6158214,2.4619145
4,5.09,4.236742923322274,4.407694920674016,4.38713441961791,4.404935,4.7741156,4.730766,4.579488
4,5.121,3.9223264215628877,4.03437771846986,2.714610704748802,2.8449192,3.2058845,4.211555,4.2581563
4,5.166,4.105586560218146,4.334376503898568,4.856191223574075,4.9887705,5.087735,4.395689,4.4682636
4,5.347,5.6421195953881575,5.672105408104092,4.579474623893794,4.703445,4.9262376,6.1669097,5.862281
4,5.363,4.462737440586068,5.767699882483197,4.132199144943389,5.4165554,5.387757,5.101674,6.197844
4,5.487,5.281964211829806,5.399792824624635,4.466329088692488,4.7373524,5.021144,5.8453894,5.6469507
4,5.613,5.366212876546455,5.310092033255209,4.2196829351067215,5.6012363,5.639035,5.8222656,6.072576
4,5.741,4.562777823330531,5.154556194512094,3.183489898988439,3.1265063,3.4957786,4.9022365,5.373704
4,5.787,4.549714687125061,5.1005691866239395,3.128163364884514,2.9715497,3.3253248,4.870036,5.3107395
4,5.813,4.322453288001343,5.055055249526294,4.9519733391329535,5.028311,5.10876,4.657954,5.276761
4,6.301,6.090579135585784,5.448282015191287,4.289808469817238,4.7487364,4.913518,6.7326994,5.7179403
4,6.753,2.5925444061774994,2.5053907125938863,2.879389500067694,2.7514813,3.082201,2.5032938,2.3960626
4,7.966,5.8440031422163266,6.953556582009112,5.553380998921878,5.2933855,5.309437,6.548799,7.342027
4,8.25,6.536534606765471,8.01271892341806,5.116517344903542,5.9889145,6.0878057,7.609534,8.604472
