repeat,fold,n_train,n_valid,dropped,r2,mse,rmse,mae,max_error,negative_predictions
0,0,792,198,rf,0.8887947157050642,0.26375851854205706,0.5135742580601729,0.3604926764474372,2.0601341440530705,0
0,0,792,198,gbr,0.8939348303307204,0.2515671103064218,0.5015646621388132,0.34669152148935645,1.9610598557703263,0
0,0,792,198,svr,0.892954993668722,0.2538911029837525,0.5038760789953741,0.35253153106958807,2.0224204749326224,0
0,0,792,198,mlp,0.8819903649510359,0.27989718934265656,0.5290531063538485,0.36105008164344,2.174199754459816,0
0,0,792,198,pinn,0.8947821597924209,0.24955740038164503,0.49955720431362516,0.3543295394783336,1.9991790095065678,0
0,1,792,198,rf,0.8993959677104264,0.2599487190119514,0.5098516637336309,0.36198145836660356,2.171420781457332,0
0,1,792,198,gbr,0.9009789366809786,0.2558585175879536,0.5058245917192575,0.34853973994859994,2.2185679014273543,0
0,1,792,198,svr,0.8993959677104264,0.2599487190119514,0.5098516637336309,0.36198145836660356,2.171420781457332,0
0,1,792,198,mlp,0.8972918269612001,0.26538556562668575,0.5151558653715259,0.368204495965611,2.060940057971049,0
0,1,792,198,pinn,0.8980686696247832,0.2633782976208569,0.5132039532397007,0.36499692057737226,2.189451869388935,0
0,2,792,198,rf,0.8512044395854956,0.34542761602915395,0.5877309044359961,0.39299643436355985,3.379199702828358,0
0,2,792,198,gbr,0.8488589547107379,0.3508726390289197,0.5923450337674148,0.3903727008872237,3.407157455992997,0
0,2,792,198,svr,0.8516560375925799,0.3443792351328689,0.5868383381587036,0.38998488079029514,3.383186432051395,0
0,2,792,198,mlp,0.8621718357701356,0.3199668999462695,0.5656561676020774,0.36943255475799974,3.297914329987192,0
0,2,792,198,pinn,0.8364745037626012,0.37962303557924487,0.6161355659100073,0.4218182889538144,3.4279959342630155,0
0,3,792,198,rf,0.8847248634052894,0.32435509822213265,0.5695218154049349,0.3956548856162204,2.8982722630960467,0
0,3,792,198,gbr,0.8851987731302648,0.3230216360382338,0.5683499239361556,0.3911812729494197,2.922836581892128,0
0,3,792,198,svr,0.8851500494617777,0.3231587321262954,0.5684705200151503,0.39276076389871656,2.9140217451343053,0
0,3,792,198,mlp,0.884435259059529,0.3251699716526881,0.5702367680645366,0.39594650202502585,2.914980568088158,0
0,3,792,198,pinn,0.879482635241642,0.339105403284887,0.5823275738661935,0.3981925241757764,2.919645885122211,0
0,4,792,198,rf,0.836462178804111,0.3003138004130356,0.5480089419097426,0.38115262332310795,2.525556483637126,0
0,4,792,198,gbr,0.8317040709598108,0.30905138441071694,0.5559239016364712,0.3842934502704454,2.4352907772577304,0
0,4,792,198,svr,0.8361202474062115,0.3009417084824524,0.5485815422363866,0.380608195398289,2.5153643014557963,0
0,4,792,198,mlp,0.8163383532639543,0.3372683255658099,0.5807480740956529,0.4218993490601479,2.3168189094702103,0
0,4,792,198,pinn,0.8368401804460894,0.2996196545033325,0.5473752410397574,0.37993661970324266,2.5856337632731057,0
1,0,792,198,rf,0.9093322400093526,0.18479844082553717,0.42988189171624475,0.30689903196108204,1.6823762506255515,0
1,0,792,198,gbr,0.9106591355225888,0.1820939709896248,0.42672470163985676,0.3062105393475037,1.689904075875344,0
1,0,792,198,svr,0.910803256019418,0.18180022552698408,0.4263803765735286,0.3055815751661306,1.7045645672802627,0
1,0,792,198,mlp,0.9122178092748238,0.17891709224906233,0.4229859244100947,0.3045306971895663,1.7888261205814984,0
1,0,792,198,pinn,0.9031528573058615,0.197393218605282,0.4442895661674737,0.31958336411530414,1.6929545644388466,0
1,1,792,198,rf,0.8804664094271971,0.2833724281257772,0.5323273693187089,0.3505554171706814,2.8715198669180753,0
1,1,792,198,gbr,0.8786739070898635,0.28762182561578237,0.5363038556786464,0.34843944760485757,2.942730502877811,1
1,1,792,198,svr,0.8802091713169,0.2839822499137119,0.5328998497970439,0.34915244559778463,2.8918556255017376,0
1,1,792,198,mlp,0.8821964895145289,0.27927101200625815,0.5284609843746823,0.35591691373069223,2.8105878455814035,1
1,1,792,198,pinn,0.8765240616640286,0.2927183588621659,0.5410345264973077,0.35473457064385155,2.912443937082346,0
1,2,792,198,rf,0.847955372731741,0.36732168835222645,0.6060706958369019,0.3904309644463099,3.877614821227234,0
1,2,792,198,gbr,0.8477690952327481,0.3677717125764391,0.6064418459971567,0.3776292022892568,4.030019954211268,0
1,2,792,198,svr,0.8491353609537582,0.3644709775199235,0.6037143178026537,0.38362080612811733,3.9281505883666794,0
1,2,792,198,mlp,0.8447564742464754,0.3750498456280639,0.6124131331283351,0.39696544221290064,3.8971633955670892,0
1,2,792,198,pinn,0.8493834702495668,0.3638715750479671,0.6032176846280015,0.3788107034394784,3.8747073304585236,0
1,3,792,198,rf,0.9119472602065052,0.24306399544720675,0.4930152081297358,0.36540443047892557,2.0384558554423524,0
1,3,792,198,gbr,0.9088199779722179,0.2516966594226788,0.501693790496433,0.36249468375856736,2.260832573228381,0
1,3,792,198,svr,0.9111691722097809,0.2452118579411718,0.4951887094241667,0.362823737755754,2.1166012332639337,0
1,3,792,198,mlp,0.9138072991581602,0.23792947606328968,0.4877801513625679,0.35956833925107884,2.1836619572753833,0
1,3,792,198,pinn,0.9079732837349197,0.2540339050861585,0.5040177626692918,0.3724081668135554,2.0419451700907993,0
1,4,792,198,rf,0.8880152289433719,0.2595532800563045,0.509463718096102,0.3419644077024673,2.1562111669233213,0
1,4,792,198,gbr,0.8867083810175148,0.2625822335692733,0.5124277837600858,0.3354890444281878,2.3014061253428144,0
1,4,792,198,svr,0.887982402579689,0.2596293635298502,0.5095383827837214,0.34192670176115875,2.1586008073041647,0
1,4,792,198,mlp,0.8875889366060385,0.2605413213173951,0.5104324845828242,0.3461960583622905,2.162428510979021,0
1,4,792,198,pinn,0.8820328091855405,0.2734190642711383,0.5228948883582037,0.3518331012516532,2.195421044155185,0
2,0,792,198,rf,0.9148665118995234,0.23835735946860245,0.4882185570711159,0.3467466301292464,1.8383453835908754,0
2,0,792,198,gbr,0.9177720875733316,0.23022230755427533,0.4798148680004355,0.34036903668946106,1.7982331847501314,0
2,0,792,198,svr,0.9164944124183444,0.2337995517503778,0.48352823263008937,0.34358649159273263,1.8182531246197442,0
2,0,792,198,mlp,0.9060732131326836,0.26297690134158136,0.5128127351593186,0.3606844610425552,1.900873237678745,0
2,0,792,198,pinn,0.9193529866373938,0.22579609485109636,0.47518006571308985,0.342955174123529,1.798794192788447,0
2,1,792,198,rf,0.9069776635010001,0.23182488302170767,0.48148196541688626,0.341831559890737,1.769210122924581,0
2,1,792,198,gbr,0.9154243469682147,0.21077454736679221,0.4591018921402875,0.31605021892540763,1.777064043817345,0
2,1,792,198,svr,0.9137511525310418,0.21494438570099042,0.463620950455208,0.32208332239773363,1.759898641678387,0
2,1,792,198,mlp,0.9037728708327962,0.2398116818205443,0.4897057094016204,0.342719379173323,1.8881386012305192,0
2,1,792,198,pinn,0.9138179057208405,0.21477802726495396,0.4634415036063925,0.3231645645371766,1.7386663698739468,0
2,2,792,198,rf,0.8476423675939672,0.32424138590122675,0.5694219752531744,0.3635147240815415,3.538041616613608,0
2,2,792,198,gbr,0.8528993547012262,0.3130536773604429,0.5595119992997852,0.35221639357339213,3.4552272876191283,0
2,2,792,198,svr,0.8502579505986141,0.3186750073419544,0.5645130710107202,0.35912505568073627,3.505540684434269,0
2,2,792,198,mlp,0.846315669774979,0.32706481084363104,0.5718958041843208,0.3630000646387869,3.507844202417572,0
2,2,792,198,pinn,0.8525621945764961,0.31377120797828434,0.5601528434081937,0.3612726534552828,3.4639366613484883,0
2,3,792,198,rf,0.9021451513428292,0.2749630414309454,0.5243691842880791,0.3669858763930592,2.3081515694882317,0
2,3,792,198,gbr,0.9039066306752928,0.27001344801459065,0.5196281824676089,0.36303394471178735,2.4891260927595074,0
2,3,792,198,svr,0.9035070438550148,0.2711362498882543,0.5207074513469673,0.3632558913134191,2.378448165736079,0
2,3,792,198,mlp,0.8996060738329175,0.2820976135460195,0.5311286224127066,0.36892307742526054,2.503008833106105,0
2,3,792,198,pinn,0.9016965486326478,0.2762235734053781,0.5255697607410249,0.37189957364041815,2.2699748197405047,0
2,4,792,198,rf,0.7772072272648278,0.38039600084520886,0.6167625157588688,0.39369599802560673,2.829618940920786,0
2,4,792,198,gbr,0.7911375042145811,0.3566114696986302,0.59716954853595,0.37608056077833524,2.844338649826081,0
2,4,792,198,svr,0.7812837602321507,0.3734357353974307,0.6110938842742829,0.3865231096279126,2.8534027928050034,0
2,4,792,198,mlp,0.78443452362599,0.36805612734322074,0.6066762953529837,0.3866505766351559,2.889204285993667,0
2,4,792,198,pinn,0.7623374067641061,0.4057847070510618,0.6370123288061714,0.40346713467129297,2.8490740782524293,0
3,0,792,198,rf,0.8336073143799121,0.3438968457816066,0.5864271871098804,0.42241427077033694,2.284643170272541,0
3,0,792,198,gbr,0.8299138707778266,0.351530376066282,0.5928999713832697,0.4279153881356558,2.3228670589595337,0
3,0,792,198,svr,0.8338507600575712,0.34339369745898557,0.5859980353712677,0.4220349540413033,2.281102700631699,0
3,0,792,198,mlp,0.8302060981508266,0.3509264067785023,0.5923904175275815,0.43071255641004674,2.3697579580970656,0
3,0,792,198,pinn,0.8334344605571242,0.3442540963675713,0.5867317073139744,0.4261422542117386,2.1713242774469244,0
3,1,792,198,rf,0.906933962766904,0.25985293679326726,0.5097577236229651,0.33847825043697793,3.3285481052802357,0
3,1,792,198,gbr,0.9069937146249152,0.25968610154117444,0.5095940556375971,0.3382736831403748,3.388952415666913,0
3,1,792,198,svr,0.9073731022963195,0.2586267999578196,0.5085536352812943,0.3360012235450309,3.3307040879443184,0
3,1,792,198,mlp,0.9062281557238729,0.2618236453180284,0.5116870579934852,0.3414418098259542,3.3065283800209624,0
3,1,792,198,pinn,0.9027547249726114,0.2715219327738776,0.5210776648196289,0.345965970643477,3.27910425543278,0
3,2,792,198,rf,0.8987318425412139,0.274964083338462,0.5243701777737384,0.34125488960428024,2.8228039480216958,0
3,2,792,198,gbr,0.8994799368280629,0.27293285195244704,0.5224297579124365,0.33504103068457164,2.806777660232989,0
3,2,792,198,svr,0.8987318425412139,0.274964083338462,0.5243701777737384,0.34125488960428024,2.8228039480216958,0
3,2,792,198,mlp,0.9094035640712345,0.24598814261060134,0.4959719171592292,0.32525514851545534,2.6084870567191882,0
3,2,792,198,pinn,0.8919126452522423,0.293479620489706,0.5417375937570753,0.35493508652104155,2.942205257268264,0
3,3,792,198,rf,0.8910405432333713,0.25054492292527075,0.500544626307456,0.33608913800371476,1.8686387037890038,1
3,3,792,198,gbr,0.8900839481219566,0.2527445488739706,0.50273705739081,0.33849927332085594,1.8165086847016028,1
3,3,792,198,svr,0.8917998514434405,0.24879894490175908,0.49879749889284636,0.3350419348366909,1.8422027788918451,1
3,3,792,198,mlp,0.8883088338622113,0.2568263044057002,0.5067803315103105,0.3558126698399969,1.7862383528194545,1
3,3,792,198,pinn,0.8910479527129591,0.25052788532663256,0.500527606957531,0.3332748491359671,1.9083958642201075,1
3,4,792,198,rf,0.8296961682536076,0.35071936893291267,0.592215643944765,0.38946756599735755,3.130332107148445,0
3,4,792,198,gbr,0.8425068048210339,0.3243374706134004,0.5695063393970259,0.3716274763341532,3.1412784084818615,0
3,4,792,198,svr,0.8305277887508372,0.34900675088439825,0.5907679331889962,0.3884312572677307,3.1222568682519007,0
3,4,792,198,mlp,0.8329888042232161,0.34393859836806395,0.5864627851518491,0.3922869293653035,2.899734583120687,0
3,4,792,198,pinn,0.822964922998674,0.3645815237871765,0.6038058659761236,0.39540496564299327,3.237877934403675,0
4,0,792,198,rf,0.8760429293071123,0.30124789917937106,0.5488605462040163,0.4011797866083717,2.4941581064332636,0
4,0,792,198,gbr,0.8778832534465445,0.2967754332061587,0.544770991524107,0.3893329812542262,2.477671269457669,1
4,0,792,198,svr,0.8762251393625138,0.30080508138695117,0.5484570004904223,0.39902949847840813,2.4815197119438417,0
4,0,792,198,mlp,0.8721391148857927,0.31073518285455826,0.5574362590059587,0.4058109286493999,2.529644110616179,0
4,0,792,198,pinn,0.8811269312231174,0.28889245315229506,0.5374871655698349,0.39346347310616003,2.3049832342840215,0
4,1,792,198,rf,0.8957278727673692,0.3006533839835894,0.5483186883406304,0.3875456228291117,2.067619710633104,0
4,1,792,198,gbr,0.8960750672414417,0.2996522996449395,0.5474050599372822,0.38024994286092095,2.138270537380386,0
4,1,792,198,svr,0.8957278727673692,0.3006533839835894,0.5483186883406304,0.3875456228291117,2.067619710633104,0
4,1,792,198,mlp,0.894637652965107,0.3037968728672946,0.551177714414593,0.3878684359666014,2.0231357883832706,0
4,1,792,198,pinn,0.8856653862675941,0.32966708781545895,0.5741664286733064,0.41400261550362233,2.2006138199299583,0
4,2,792,198,rf,0.7914967789025319,0.41762792592822645,0.6462413836394466,0.40730922789487944,3.6869797466367134,0
4,2,792,198,gbr,0.7917700162048182,0.4170806368876092,0.6458178047155476,0.4039198845433654,3.7897465727044093,0
4,2,792,198,svr,0.7938323563317924,0.41294980943442483,0.6426117096928944,0.40206640767243257,3.730295073089966,0
4,2,792,198,mlp,0.8037558093872613,0.3930733245734822,0.6269556001611934,0.3937402012177899,3.5659674808125983,0
4,2,792,198,pinn,0.7909362388760448,0.41875067677797045,0.647109478201309,0.40476198924023504,3.7370260838862244,0
4,3,792,198,rf,0.9201257155386642,0.196777594384676,0.4435962064588425,0.3216246835087321,1.7106664978414963,0
4,3,792,198,gbr,0.9209492190969121,0.1947488181614889,0.4413035442430628,0.3153661708962101,1.7018335205143837,0
4,3,792,198,svr,0.9202028531526396,0.19658755882796297,0.44338195591156276,0.3196720124842059,1.6873294109565187,0
4,3,792,198,mlp,0.9141414287420435,0.21152043143027124,0.4599135042921345,0.33315875330138117,1.7606277450451913,0
4,3,792,198,pinn,0.920236628810812,0.1965043494094529,0.44328811106260557,0.3215568108453124,1.563482964202711,0
4,4,792,198,rf,0.8567849467933246,0.30295871655967327,0.5504168570816789,0.3837186819160997,2.666830145970481,0
4,4,792,198,gbr,0.8653044215879887,0.2849365248154217,0.5337944593337605,0.3669117046548359,2.7105629667245976,0
4,4,792,198,svr,0.8653044215879887,0.2849365248154217,0.5337944593337605,0.3669117046548359,2.7105629667245976,0
4,4,792,198,mlp,0.8656851907393271,0.28413104151731794,0.5330394371126005,0.36827962974185946,2.7741901408764273,0
4,4,792,198,pinn,0.8578144875492786,0.30078081459276507,0.5484348772577881,0.3834747567084919,2.6095611833799013,0
